method,pde,dim,gen,mse_domain,mse_boundary,tree_size,rank
PISR-NSGA-II,Airy,1,-1,434.0782882503,0.0000000000,5,11
PISR-NSGA-II,Airy,1,-1,1.6236015209,0.0000000000,8,1
PISR-NSGA-II,Airy,1,-1,434.0782882503,0.0000000000,5,11
PISR-NSGA-II,Airy,1,-1,2.3058376081,0.0000000000,7,2
PISR-NSGA-II,Airy,1,-1,434.0782882503,0.0000000000,5,11
PISR-NSGA-II,Airy,1,-1,27.1737924070,0.0000000000,4,5
PISR-NSGA-II,Airy,1,-1,1000000000000000000.0000000000,1000000000000000000.0000000000,0,13
PISR-NSGA-II,Airy,1,-1,434.0782882503,0.0000000000,5,11
PISR-NSGA-II,Airy,1,-1,27.1737924070,0.0000000000,4,5
PISR-NSGA-II,Airy,1,-1,434.0782882503,0.0000000000,5,11
PISR-NSGA-II,Airy,1,-1,21.1059143223,0.0000000000,3,3
PISR-NSGA-II,Airy,1,-1,434.0782882503,0.0000000000,5,11
PISR-NSGA-II,Airy,1,-1,1000000000000000000.0000000000,1000000000000000000.0000000000,0,13
PISR-NSGA-II,Airy,1,-1,1000000000000000000.0000000000,1000000000000000000.0000000000,0,13
PISR-NSGA-II,Airy,1,-1,1.8358259078,0.0000000000,4,1
PISR-NSGA-II,Airy,1,-1,21.1059143223,0.0000000000,3,3
PISR-NSGA-II,Airy,1,-1,1000000000000000000.0000000000,1000000000000000000.0000000000,0,13
PISR-NSGA-II,Airy,1,-1,21.1059143223,0.0000000000,3,3
PISR-NSGA-II,Airy,1,-1,14.2034319610,0.0000000000,6,4
PISR-NSGA-II,Airy,1,-1,434.0782882503,0.0000000000,5,11
PISR-NSGA-II,Airy,1,-1,21.1059143223,0.0000000000,3,3
PISR-NSGA-II,Airy,1,-1,27.1737924070,0.0000000000,4,5
PISR-NSGA-II,Airy,1,-1,1000000000000000000.0000000000,1000000000000000000.0000000000,0,13
PISR-NSGA-II,Airy,1,-1,434.0782882503,0.0000000000,5,11
PISR-NSGA-II,Airy,1,-1,434.0782882503,0.0000000000,5,11
PISR-NSGA-II,Airy,1,-1,6.6520052522,0.0000000000,3,1
PISR-NSGA-II,Airy,1,-1,434.0782882503,0.0000000000,5,11
PISR-NSGA-II,Airy,1,-1,14.2034319610,0.0000000000,6,4
PISR-NSGA-II,Airy,1,-1,1000000000000000000.0000000000,1000000000000000000.0000000000,0,13
PISR-NSGA-II,Airy,1,-1,14.2034319610,0.0000000000,6,4
PISR-NSGA-II,Airy,1,-1,434.0782882503,0.0000000000,5,11
PISR-NSGA-II,Airy,1,-1,1.8358259078,0.0000000000,4,1
PISR-NSGA-II,Airy,1,-1,434.0782882503,0.0000000000,5,11
PISR-NSGA-II,Airy,1,-1,434.0782882503,0.0000000000,5,11
PISR-NSGA-II,Airy,1,-1,1000000000000000000.0000000000,1000000000000000000.0000000000,0,13
PISR-NSGA-II,Airy,1,-1,27.1737924070,0.0000000000,4,5
PISR-NSGA-II,Airy,1,-1,434.0782882503,0.0000000000,5,11
PISR-NSGA-II,Airy,1,-1,14.2034319610,0.0000000000,6,4
PISR-NSGA-II,Airy,1,-1,6.6520052522,0.0000000000,3,1
PISR-NSGA-II,Airy,1,-1,1.6236015209,0.0000000000,8,1
PISR-NSGA-II,Airy,1,-1,1000000000000000000.0000000000,1000000000000000000.0000000000,0,13
PISR-NSGA-II,Airy,1,-1,1.8358259078,0.0000000000,4,1
PISR-NSGA-II,Airy,1,-1,21.1059143223,0.0000000000,3,3
PISR-NSGA-II,Airy,1,-1,21.1059143223,0.0000000000,3,3
PISR-NSGA-II,Airy,1,-1,434.0782882503,0.0000000000,5,11
PISR-NSGA-II,Airy,1,-1,434.0782882503,0.0000000000,5,11
PISR-NSGA-II,Airy,1,-1,434.0782882503,0.0000000000,5,11
PISR-NSGA-II,Airy,1,-1,10.1817897370,0.0000000000,9,5
PISR-NSGA-II,Airy,1,-1,10.1817897370,0.0000000000,9,5
PISR-NSGA-II,Airy,1,-1,434.0782882503,0.0000000000,5,11
PISR-NSGA-II,Airy,1,-1,434.0782882503,0.0000000000,5,11
PISR-NSGA-II,Airy,1,-1,434.0782882503,0.0000000000,5,11
PISR-NSGA-II,Airy,1,-1,1.6236015209,0.0000000000,8,1
PISR-NSGA-II,Airy,1,-1,10.1817897370,0.0000000000,9,5
PISR-NSGA-II,Airy,1,-1,21.1059143223,0.0000000000,3,3
PISR-NSGA-II,Airy,1,-1,21.1059143223,0.0000000000,3,3
PISR-NSGA-II,Airy,1,-1,434.0782882503,0.0000000000,5,11
PISR-NSGA-II,Airy,1,-1,434.0782882503,0.0000000000,5,11
PISR-NSGA-II,Airy,1,-1,6.6520052522,0.0000000000,3,1
PISR-NSGA-II,Airy,1,-1,21.1059143223,0.0000000000,3,3
PISR-NSGA-II,Airy,1,-1,21.1059143223,0.0000000000,3,3
PISR-NSGA-II,Airy,1,-1,14.2034319610,0.0000000000,6,4
PISR-NSGA-II,Airy,1,-1,6.6520052522,0.0000000000,3,1
PISR-NSGA-II,Airy,1,-1,21.1059143223,0.0000000000,3,3
PISR-NSGA-II,Airy,1,-1,434.0782882503,0.0000000000,5,11
PISR-NSGA-II,Airy,1,-1,10.1817897370,0.0000000000,9,5
PISR-NSGA-II,Airy,1,-1,21.1059143223,0.0000000000,3,3
PISR-NSGA-II,Airy,1,-1,434.0782882503,0.0000000000,5,11
PISR-NSGA-II,Airy,1,-1,434.0782882503,0.0000000000,5,11
PISR-NSGA-II,Airy,1,-1,1.8358259078,0.0000000000,4,1
PISR-NSGA-II,Airy,1,-1,21.1059143223,0.0000000000,3,3
PISR-NSGA-II,Airy,1,-1,27.1737924070,0.0000000000,4,5
PISR-NSGA-II,Airy,1,-1,21.1059143223,0.0000000000,3,3
PISR-NSGA-II,Airy,1,-1,10.1817897370,0.0000000000,9,5
PISR-NSGA-II,Airy,1,-1,2.3058376081,0.0000000000,7,2
PISR-NSGA-II,Airy,1,-1,2.9641481803,0.0000000000,4,11
PISR-NSGA-II,Airy,1,-1,1000000000000000000.0000000000,1000000000000000000.0000000000,0,17
PISR-NSGA-II,Airy,1,-1,0.5207070575,0.0000000000,1,14
PISR-NSGA-II,Airy,1,-1,2.1413297667,0.0000000000,1,13
PISR-NSGA-II,Airy,1,-1,5.4131681508,0.0000000000,1,11
PISR-NSGA-II,Airy,1,-1,2.5281978008,0.0000000000,5,7
PISR-NSGA-II,Airy,1,-1,5.8593481385,0.0000000000,8,10
PISR-NSGA-II,Airy,1,-1,10000.0000000000,0.0000000000,1,17
PISR-NSGA-II,Airy,1,-1,8.6971016670,0.0000000000,16,8
PISR-NSGA-II,Airy,1,-1,3.3657669957,0.0000000000,2,11
PISR-NSGA-II,Airy,1,-1,10000.0000000000,0.0000000000,1,17
PISR-NSGA-II,Airy,1,-1,0.5207070575,0.0000000000,1,16
PISR-NSGA-II,Airy,1,-1,5.4131681508,0.0000000000,1,11
PISR-NSGA-II,Airy,1,-1,5.4131681508,0.0000000000,1,11
PISR-NSGA-II,Airy,1,-1,7.4480756854,0.0000000000,3,2
PISR-NSGA-II,Airy,1,-1,758.5552157602,0.0000000000,2,11
PISR-NSGA-II,Airy,1,-1,0.5207070581,0.0000000000,1,14
PISR-NSGA-II,Airy,1,-1,2.1413297666,0.0000000000,1,13
PISR-NSGA-II,Airy,1,-1,0.5207070573,0.0000000000,1,16
PISR-NSGA-II,Airy,1,-1,5.4131681508,0.0000000000,1,11
PISR-NSGA-II,Airy,1,-1,9343.9924391297,0.0000000000,18,12
PISR-NSGA-II,Airy,1,-1,1876.9412124099,0.0000000000,1,15
PISR-NSGA-II,Airy,1,-1,11.2853860437,0.0000000000,1,13
PISR-NSGA-II,Airy,1,-1,5.4131681508,0.0000000000,1,11
PISR-NSGA-II,Airy,1,-1,5.4131681508,0.0000000000,1,11
PISR-NSGA-II,Airy,1,-1,422.8462371618,0.0000000000,7,6
PISR-NSGA-II,Airy,1,-1,10000.0000000000,0.0000000000,1,17
PISR-NSGA-II,Airy,1,-1,0.5207070575,0.0000000000,1,16
PISR-NSGA-II,Airy,1,-1,0.5207070575,0.0000000000,1,16
PISR-NSGA-II,Airy,1,-1,2.1413297667,0.0000000000,1,13
PISR-NSGA-II,Airy,1,-1,36.2493522265,0.0000000000,1,13
PISR-NSGA-II,Airy,1,-1,16.0802946801,0.0000000000,7,7
PISR-NSGA-II,Airy,1,-1,2.7393383364,0.0000000000,6,2
PISR-NSGA-II,Airy,1,-1,3.1256664309,0.0000000000,1,13
PISR-NSGA-II,Airy,1,-1,6.4285310424,0.0000000000,3,11
PISR-NSGA-II,Airy,1,-1,6.6520052522,0.0000000000,3,1
PISR-NSGA-II,Airy,1,-1,58.4843470533,0.0000000000,9,8
PISR-NSGA-II,Airy,1,-1,5.4131681508,0.0000000000,1,11
PISR-NSGA-II,Airy,1,-1,0.5207070575,0.0000000000,1,14
PISR-NSGA-II,Airy,1,-1,5.4131681508,0.0000000000,1,11
PISR-NSGA-II,Airy,1,-1,1000000000000000000.0000000000,1000000000000000000.0000000000,0,17
PISR-NSGA-II,Airy,1,-1,3.3153774484,0.0000000000,4,2
PISR-NSGA-II,Airy,1,-1,5.4131681508,0.0000000000,1,11
PISR-NSGA-II,Airy,1,-1,5.4131681508,0.0000000000,1,11
PISR-NSGA-II,Airy,1,-1,27.6873021411,0.0000000000,1,13
PISR-NSGA-II,Airy,1,-1,6.0593196697,0.0000000000,1,13
PISR-NSGA-II,Airy,1,-1,5.4131681508,0.0000000000,1,11
PISR-NSGA-II,Airy,1,-1,2.1413297667,0.0000000000,1,13
PISR-NSGA-II,Airy,1,-1,273.7438148504,0.0000000000,8,8
PISR-NSGA-II,Airy,1,-1,0.5207070575,0.0000000000,1,14
PISR-NSGA-II,Airy,1,-1,2539.6702912832,0.0000000000,9,11
PISR-NSGA-II,Airy,1,-1,8.5501785937,0.0000000000,7,9
PISR-NSGA-II,Airy,1,-1,1000000000000000000.0000000000,1000000000000000000.0000000000,0,13
PISR-NSGA-II,Airy,1,-1,21.1059143223,0.0000000000,3,3
PISR-NSGA-II,Airy,1,-1,5.4131681508,0.0000000000,1,11
PISR-NSGA-II,Airy,1,-1,5.4131681508,0.0000000000,1,11
PISR-NSGA-II,Airy,1,-1,8.7167814895,0.0000000000,8,4
PISR-NSGA-II,Airy,1,-1,5.4131681508,0.0000000000,1,11
PISR-NSGA-II,Airy,1,-1,27.0048707538,0.0000000000,3,4
PISR-NSGA-II,Airy,1,-1,1000000000000000000.0000000000,1000000000000000000.0000000000,0,17
PISR-NSGA-II,Airy,1,-1,5.4131681508,0.0000000000,1,11
PISR-NSGA-II,Airy,1,-1,1.3043438360,0.0000000000,2,11
PISR-NSGA-II,Airy,1,-1,10000.0000000000,0.0000000000,10,11
PISR-NSGA-II,Airy,1,-1,4.7201884833,0.0000000000,4,3
PISR-NSGA-II,Airy,1,-1,1000000000000000000.0000000000,1000000000000000000.0000000000,0,14
PISR-NSGA-II,Airy,1,-1,5.4131681508,0.0000000000,1,11
PISR-NSGA-II,Airy,1,-1,7.0218916687,0.0000000000,2,11
PISR-NSGA-II,Airy,1,-1,0.5207070575,0.0000000000,1,14
PISR-NSGA-II,Airy,1,-1,18.7686629872,0.0000000000,11,7
PISR-NSGA-II,Airy,1,-1,0.5207070575,0.0000000000,1,16
PISR-NSGA-II,Airy,1,-1,1000000000000000000.0000000000,1000000000000000000.0000000000,0,14
PISR-NSGA-II,Airy,1,-1,1000000000000000000.0000000000,1000000000000000000.0000000000,0,14
PISR-NSGA-II,Airy,1,-1,5.4131681508,0.0000000000,1,11
PISR-NSGA-II,Airy,1,-1,36.2493522265,0.0000000000,1,15
PISR-NSGA-II,Airy,1,-1,1000000000000000000.0000000000,1000000000000000000.0000000000,0,13
PISR-NSGA-II,Airy,1,0,0.6547906411,0.0000000000,8,1
PISR-NSGA-II,Airy,1,0,1.4728139128,0.0000000000,4,1
PISR-NSGA-II,Airy,1,0,2.8306136717,0.0000000000,3,1
PISR-NSGA-II,Airy,1,0,1.6695619073,0.0000000000,4,2
PISR-NSGA-II,Airy,1,0,4.9841391162,0.0000000000,3,2
PISR-NSGA-II,Airy,1,0,0.9677182506,0.0000000000,8,2
PISR-NSGA-II,Airy,1,0,1.5266293361,0.0000000000,9,3
PISR-NSGA-II,Airy,1,0,1.7014546796,0.0000000000,4,3
PISR-NSGA-II,Airy,1,0,5.0330111860,0.0000000000,3,3
PISR-NSGA-II,Airy,1,0,5.0675051241,0.0000000000,3,4
PISR-NSGA-II,Airy,1,0,1.7436970256,0.0000000000,4,4
PISR-NSGA-II,Airy,1,0,1.7449395718,0.0000000000,12,5
PISR-NSGA-II,Airy,1,0,5.0814351617,0.0000000000,3,5
PISR-NSGA-II,Airy,1,0,1.7527391397,0.0000000000,4,5
PISR-NSGA-II,Airy,1,0,5.0909648701,0.0000000000,3,6
PISR-NSGA-II,Airy,1,0,1.7585956795,0.0000000000,4,6
PISR-NSGA-II,Airy,1,0,1.7629124743,0.0000000000,4,7
PISR-NSGA-II,Airy,1,0,1.7629124743,0.0000000000,4,7
PISR-NSGA-II,Airy,1,0,1.7629124743,0.0000000000,4,7
PISR-NSGA-II,Airy,1,0,1.7629124743,0.0000000000,4,7
PISR-NSGA-II,Airy,1,0,5.1153667042,0.0000000000,3,7
PISR-NSGA-II,Airy,1,0,5.1975971283,0.0000000000,3,8
PISR-NSGA-II,Airy,1,0,5.1975971283,0.0000000000,3,8
PISR-NSGA-II,Airy,1,0,5.1975971283,0.0000000000,3,8
PISR-NSGA-II,Airy,1,0,5.1975971283,0.0000000000,3,8
PISR-NSGA-II,Airy,1,0,5.1975971283,0.0000000000,3,8
PISR-NSGA-II,Airy,1,0,5.1975971283,0.0000000000,3,8
PISR-NSGA-II,Airy,1,0,1.7905668861,0.0000000000,4,8
PISR-NSGA-II,Airy,1,0,5.1975971283,0.0000000000,3,8
PISR-NSGA-II,Airy,1,0,5.2221016873,0.0000000000,3,9
PISR-NSGA-II,Airy,1,0,1.8126657479,0.0000000000,4,9
PISR-NSGA-II,Airy,1,0,1.8750015628,0.0000000000,4,10
PISR-NSGA-II,Airy,1,0,5.2338083881,0.0000000000,3,10
PISR-NSGA-II,Airy,1,0,2.4772648250,0.0000000000,6,11
PISR-NSGA-II,Airy,1,0,1.9506968521,0.0000000000,7,11
PISR-NSGA-II,Airy,1,0,2.9244594659,0.0000000000,4,11
PISR-NSGA-II,Airy,1,0,1.9506968521,0.0000000000,7,11
PISR-NSGA-II,Airy,1,0,5.2399563673,0.0000000000,3,11
PISR-NSGA-II,Airy,1,0,2.0322606429,0.0000000000,8,12
PISR-NSGA-II,Airy,1,0,2.0322606429,0.0000000000,8,12
PISR-NSGA-II,Airy,1,0,2.0322606429,0.0000000000,8,12
PISR-NSGA-II,Airy,1,0,2.9950602830,0.0000000000,4,12
PISR-NSGA-II,Airy,1,0,5.3002139770,0.0000000000,3,12
PISR-NSGA-II,Airy,1,0,2.4500392834,0.0000000000,7,12
PISR-NSGA-II,Airy,1,0,2.0322606429,0.0000000000,8,12
PISR-NSGA-II,Airy,1,0,2.0322606429,0.0000000000,8,12
PISR-NSGA-II,Airy,1,0,2.9950602830,0.0000000000,4,12
PISR-NSGA-II,Airy,1,0,2.9950602830,0.0000000000,4,12
PISR-NSGA-II,Airy,1,0,3.0083459392,0.0000000000,4,13
PISR-NSGA-II,Airy,1,0,5.3011798236,0.0000000000,3,13
PISR-NSGA-II,Airy,1,0,2.3023750840,0.0000000000,8,13
PISR-NSGA-II,Airy,1,0,2.4714065288,0.0000000000,7,13
PISR-NSGA-II,Airy,1,0,5.3206556188,0.0000000000,3,14
PISR-NSGA-II,Airy,1,0,3.4874345146,0.0000000000,4,14
PISR-NSGA-II,Airy,1,0,2.5246980498,0.0000000000,7,14
PISR-NSGA-II,Airy,1,0,2.5814039986,0.0000000000,7,15
PISR-NSGA-II,Airy,1,0,2.5814039986,0.0000000000,7,15
PISR-NSGA-II,Airy,1,0,3.7899781194,0.0000000000,4,15
PISR-NSGA-II,Airy,1,0,2.5814039986,0.0000000000,7,15
PISR-NSGA-II,Airy,1,0,5.3477668938,0.0000000000,3,15
PISR-NSGA-II,Airy,1,0,5.1975971283,0.0000000000,4,16
PISR-NSGA-II,Airy,1,0,5.3561415015,0.0000000000,3,16
PISR-NSGA-II,Airy,1,0,2.6494513065,0.0000000000,7,16
PISR-NSGA-II,Airy,1,0,4.9625646225,0.0000000000,5,16
PISR-NSGA-II,Airy,1,0,5.3874904225,0.0000000000,3,17
PISR-NSGA-II,Airy,1,0,5.3943006080,0.0000000000,3,18
PISR-NSGA-II,Airy,1,0,6.6742933086,0.0000000000,3,19
PISR-NSGA-II,Airy,1,0,8.1903448757,0.0000000000,3,20
PISR-NSGA-II,Airy,1,0,8.3978575153,0.0000000000,8,21
PISR-NSGA-II,Airy,1,0,15.1439753277,0.0000000000,3,21
PISR-NSGA-II,Airy,1,0,9.7712729972,0.0000000000,4,21
PISR-NSGA-II,Airy,1,0,16.9301116038,0.0000000000,3,22
PISR-NSGA-II,Airy,1,0,11.5479111485,0.0000000000,4,22
PISR-NSGA-II,Airy,1,0,9.3551319859,0.0000000000,8,22
PISR-NSGA-II,Airy,1,0,13.7690837440,0.0000000000,6,23
PISR-NSGA-II,Airy,1,0,13.7690837440,0.0000000000,6,23
PISR-NSGA-II,Airy,1,0,13.7690837440,0.0000000000,6,23
PISR-NSGA-II,Airy,1,0,13.7690837440,0.0000000000,6,23
PISR-NSGA-II,Airy,1,0,13.7690837440,0.0000000000,6,23
PISR-NSGA-II,Airy,1,0,11.1090245668,0.0000000000,8,23
PISR-NSGA-II,Airy,1,0,17.6687769528,0.0000000000,4,23
PISR-NSGA-II,Airy,1,0,13.7690837440,0.0000000000,6,23
PISR-NSGA-II,Airy,1,0,18.6016518914,0.0000000000,3,23
PISR-NSGA-II,Airy,1,0,13.7765818955,0.0000000000,6,24
PISR-NSGA-II,Airy,1,0,18.9353167797,0.0000000000,3,24
PISR-NSGA-II,Airy,1,0,18.2558843853,0.0000000000,4,24
PISR-NSGA-II,Airy,1,0,14.6093378873,0.0000000000,9,25
PISR-NSGA-II,Airy,1,0,14.6093378873,0.0000000000,9,25
PISR-NSGA-II,Airy,1,0,14.6093378873,0.0000000000,9,25
PISR-NSGA-II,Airy,1,0,14.6093378873,0.0000000000,9,25
PISR-NSGA-II,Airy,1,0,14.6093378873,0.0000000000,9,25
PISR-NSGA-II,Airy,1,0,18.3177749915,0.0000000000,5,25
PISR-NSGA-II,Airy,1,0,19.0491459061,0.0000000000,3,25
PISR-NSGA-II,Airy,1,0,14.6093378873,0.0000000000,9,25
PISR-NSGA-II,Airy,1,0,18.5408691630,0.0000000000,6,26
PISR-NSGA-II,Airy,1,0,15.1815912218,0.0000000000,9,26
PISR-NSGA-II,Airy,1,0,19.4690443999,0.0000000000,3,26
PISR-NSGA-II,Airy,1,0,19.5512443522,0.0000000000,3,27
PISR-NSGA-II,Airy,1,0,19.5512443522,0.0000000000,3,27
PISR-NSGA-II,Airy,1,0,19.5512443522,0.0000000000,3,27
PISR-NSGA-II,Airy,1,0,19.5512443522,0.0000000000,3,27
PISR-NSGA-II,Airy,1,0,19.5512443522,0.0000000000,3,27
PISR-NSGA-II,Airy,1,0,19.5512443522,0.0000000000,3,27
PISR-NSGA-II,Airy,1,0,19.5512443522,0.0000000000,3,27
PISR-NSGA-II,Airy,1,0,19.5512443522,0.0000000000,3,27
PISR-NSGA-II,Airy,1,0,19.5512443522,0.0000000000,3,27
PISR-NSGA-II,Airy,1,0,19.5512443522,0.0000000000,3,27
PISR-NSGA-II,Airy,1,0,19.5512443522,0.0000000000,3,27
PISR-NSGA-II,Airy,1,0,19.5512443522,0.0000000000,3,27
PISR-NSGA-II,Airy,1,0,19.5512443522,0.0000000000,3,27
PISR-NSGA-II,Airy,1,0,19.5512443522,0.0000000000,3,27
PISR-NSGA-II,Airy,1,0,19.5512443522,0.0000000000,3,27
PISR-NSGA-II,Airy,1,0,19.5512443522,0.0000000000,3,27
PISR-NSGA-II,Airy,1,0,19.5512443522,0.0000000000,3,27
PISR-NSGA-II,Airy,1,0,19.5512443522,0.0000000000,3,27
PISR-NSGA-II,Airy,1,0,19.5512443522,0.0000000000,3,27
PISR-NSGA-II,Airy,1,0,19.5512443522,0.0000000000,3,27
PISR-NSGA-II,Airy,1,0,19.5512443522,0.0000000000,3,27
PISR-NSGA-II,Airy,1,0,19.5512443522,0.0000000000,3,27
PISR-NSGA-II,Airy,1,0,19.5512443522,0.0000000000,3,27
PISR-NSGA-II,Airy,1,0,19.5512443522,0.0000000000,3,27
PISR-NSGA-II,Airy,1,0,19.5512443522,0.0000000000,3,27
PISR-NSGA-II,Airy,1,0,19.5512443522,0.0000000000,3,27
PISR-NSGA-II,Airy,1,0,19.5819890944,0.0000000000,3,28
PISR-NSGA-II,Airy,1,0,19.7174380705,0.0000000000,3,29
PISR-NSGA-II,Airy,1,0,19.7406842423,0.0000000000,3,30
PISR-NSGA-II,Airy,1,0,20.0141894664,0.0000000000,4,31
PISR-NSGA-II,Airy,1,0,20.0141894664,0.0000000000,4,31
PISR-NSGA-II,Airy,1,0,20.0141894664,0.0000000000,4,31
PISR-NSGA-II,Airy,1,0,20.0141894664,0.0000000000,4,31
PISR-NSGA-II,Airy,1,0,20.0141894664,0.0000000000,4,31
PISR-NSGA-II,Airy,1,0,20.1098581286,0.0000000000,3,31
PISR-NSGA-II,Airy,1,0,20.0141894664,0.0000000000,4,31
PISR-NSGA-II,Airy,1,0,20.0141894664,0.0000000000,4,31
PISR-NSGA-II,Airy,1,0,20.1098581286,0.0000000000,3,31
PISR-NSGA-II,Airy,1,0,20.1890870698,0.0000000000,3,32
PISR-NSGA-II,Airy,1,0,20.3650412703,0.0000000000,3,33
PISR-NSGA-II,Airy,1,0,22.5092136789,0.0000000000,3,34
PISR-NSGA-II,Airy,1,0,22.2387925963,0.0000000000,5,34
PISR-NSGA-II,Airy,1,0,23.4974597054,0.0000000000,3,35
PISR-NSGA-II,Airy,1,0,22.6259037052,0.0000000000,10,35
PISR-NSGA-II,Airy,1,0,23.7569740563,0.0000000000,4,36
PISR-NSGA-II,Airy,1,0,69.2644603915,0.0000000000,3,36
PISR-NSGA-II,Airy,1,0,42.8415123507,0.0000000000,10,37
PISR-NSGA-II,Airy,1,0,75.3566994017,0.0000000000,3,37
PISR-NSGA-II,Airy,1,0,110.2744633114,0.0000000000,5,38
PISR-NSGA-II,Airy,1,0,44.5886003078,0.0000000000,14,38
PISR-NSGA-II,Airy,1,0,303.6030434985,0.0000000000,7,39
PISR-NSGA-II,Airy,1,0,1069.2720817276,0.0000000000,8,40
PISR-NSGA-II,Airy,1,0,1.9988679148,0.0000000000,3,41
PISR-NSGA-II,Airy,1,1,0.0000831873,0.0000000000,6,1
PISR-NSGA-II,Airy,1,1,0.6186886670,0.0000000000,3,1
PISR-NSGA-II,Airy,1,1,0.6158867738,0.0000000000,4,1
PISR-NSGA-II,Airy,1,1,0.6158867738,0.0000000000,4,1
PISR-NSGA-II,Airy,1,1,0.0027432861,0.0000000000,6,2
PISR-NSGA-II,Airy,1,1,0.6190496314,0.0000000000,3,2
PISR-NSGA-II,Airy,1,1,0.6158867738,0.0000000000,4,2
PISR-NSGA-II,Airy,1,1,0.6175484991,0.0000000000,4,3
PISR-NSGA-II,Airy,1,1,0.6191930941,0.0000000000,3,3
PISR-NSGA-II,Airy,1,1,0.0158832497,0.0000000000,6,3
PISR-NSGA-II,Airy,1,1,0.6175484991,0.0000000000,4,4
PISR-NSGA-II,Airy,1,1,0.0253231767,0.0000000000,8,4
PISR-NSGA-II,Airy,1,1,0.1322888763,0.0000000000,6,4
PISR-NSGA-II,Airy,1,1,0.6197907575,0.0000000000,3,4
PISR-NSGA-II,Airy,1,1,0.0282760294,0.0000000000,8,5
PISR-NSGA-II,Airy,1,1,0.6175484991,0.0000000000,4,5
PISR-NSGA-II,Airy,1,1,0.6175484991,0.0000000000,4,5
PISR-NSGA-II,Airy,1,1,0.6175484991,0.0000000000,4,5
PISR-NSGA-II,Airy,1,1,0.6175484991,0.0000000000,4,5
PISR-NSGA-II,Airy,1,1,0.6175484991,0.0000000000,4,5
PISR-NSGA-II,Airy,1,1,0.6175484991,0.0000000000,4,5
PISR-NSGA-II,Airy,1,1,0.6175484991,0.0000000000,4,5
PISR-NSGA-II,Airy,1,1,0.0282760294,0.0000000000,8,5
PISR-NSGA-II,Airy,1,1,0.6085540305,0.0000000000,6,5
PISR-NSGA-II,Airy,1,1,0.6175484991,0.0000000000,4,5
PISR-NSGA-II,Airy,1,1,0.6175484991,0.0000000000,4,5
PISR-NSGA-II,Airy,1,1,0.6175484991,0.0000000000,4,5
PISR-NSGA-II,Airy,1,1,0.6175484991,0.0000000000,4,5
PISR-NSGA-II,Airy,1,1,0.6232223198,0.0000000000,3,5
PISR-NSGA-II,Airy,1,1,0.6175484991,0.0000000000,4,5
PISR-NSGA-II,Airy,1,1,0.6175484991,0.0000000000,4,5
PISR-NSGA-II,Airy,1,1,0.6175484991,0.0000000000,4,5
PISR-NSGA-II,Airy,1,1,0.6151710344,0.0000000000,7,6
PISR-NSGA-II,Airy,1,1,0.6151710344,0.0000000000,7,6
PISR-NSGA-II,Airy,1,1,0.6175484992,0.0000000000,4,6
PISR-NSGA-II,Airy,1,1,0.6151710344,0.0000000000,7,6
PISR-NSGA-II,Airy,1,1,0.6151710344,0.0000000000,7,6
PISR-NSGA-II,Airy,1,1,0.6242616164,0.0000000000,3,6
PISR-NSGA-II,Airy,1,1,0.0373255567,0.0000000000,8,6
PISR-NSGA-II,Airy,1,1,0.0382788782,0.0000000000,8,7
PISR-NSGA-II,Airy,1,1,0.6175484993,0.0000000000,4,7
PISR-NSGA-II,Airy,1,1,0.6151710845,0.0000000000,7,7
PISR-NSGA-II,Airy,1,1,0.6318723407,0.0000000000,3,7
PISR-NSGA-II,Airy,1,1,0.6151710845,0.0000000000,7,7
PISR-NSGA-II,Airy,1,1,0.6151710845,0.0000000000,7,7
PISR-NSGA-II,Airy,1,1,0.0397880071,0.0000000000,8,8
PISR-NSGA-II,Airy,1,1,0.0397880071,0.0000000000,8,8
PISR-NSGA-II,Airy,1,1,0.0397880071,0.0000000000,8,8
PISR-NSGA-II,Airy,1,1,0.0397880071,0.0000000000,8,8
PISR-NSGA-II,Airy,1,1,0.0397880071,0.0000000000,8,8
PISR-NSGA-II,Airy,1,1,0.6175485000,0.0000000000,4,8
PISR-NSGA-II,Airy,1,1,0.0397880071,0.0000000000,8,8
PISR-NSGA-II,Airy,1,1,0.6340116023,0.0000000000,3,8
PISR-NSGA-II,Airy,1,1,0.0420223842,0.0000000000,8,9
PISR-NSGA-II,Airy,1,1,0.6359573845,0.0000000000,3,9
PISR-NSGA-II,Airy,1,1,0.6220595810,0.0000000000,4,9
PISR-NSGA-II,Airy,1,1,0.6220075352,0.0000000000,7,9
PISR-NSGA-II,Airy,1,1,0.6566983499,0.0000000000,3,10
PISR-NSGA-II,Airy,1,1,0.6270857598,0.0000000000,4,10
PISR-NSGA-II,Airy,1,1,0.0573005608,0.0000000000,8,10
PISR-NSGA-II,Airy,1,1,0.6627104989,0.0000000000,3,11
PISR-NSGA-II,Airy,1,1,0.6451038521,0.0000000000,4,11
PISR-NSGA-II,Airy,1,1,0.0737568759,0.0000000000,8,11
PISR-NSGA-II,Airy,1,1,0.6627105077,0.0000000000,3,12
PISR-NSGA-II,Airy,1,1,0.3465992728,0.0000000000,8,12
PISR-NSGA-II,Airy,1,1,0.4629448793,0.0000000000,12,13
PISR-NSGA-II,Airy,1,1,0.6627105084,0.0000000000,3,13
PISR-NSGA-II,Airy,1,1,0.5994561432,0.0000000000,8,13
PISR-NSGA-II,Airy,1,1,0.6627105084,0.0000000000,3,13
PISR-NSGA-II,Airy,1,1,0.5083668277,0.0000000000,10,13
PISR-NSGA-II,Airy,1,1,0.6572539367,0.0000000000,9,14
PISR-NSGA-II,Airy,1,1,0.6627105086,0.0000000000,3,14
PISR-NSGA-II,Airy,1,1,0.6158089889,0.0000000000,14,14
PISR-NSGA-II,Airy,1,1,0.6568558830,0.0000000000,10,14
PISR-NSGA-II,Airy,1,1,0.6627105086,0.0000000000,3,14
PISR-NSGA-II,Airy,1,1,0.6627105086,0.0000000000,3,14
PISR-NSGA-II,Airy,1,1,0.6627105092,0.0000000000,3,15
PISR-NSGA-II,Airy,1,1,0.6627105093,0.0000000000,3,16
PISR-NSGA-II,Airy,1,1,0.6627105093,0.0000000000,3,16
PISR-NSGA-II,Airy,1,1,0.6627105098,0.0000000000,3,17
PISR-NSGA-II,Airy,1,1,0.6627105098,0.0000000000,3,18
PISR-NSGA-II,Airy,1,1,0.6627105098,0.0000000000,3,18
PISR-NSGA-II,Airy,1,1,0.6627105098,0.0000000000,3,19
PISR-NSGA-II,Airy,1,1,0.6627105098,0.0000000000,3,19
PISR-NSGA-II,Airy,1,1,0.6627105099,0.0000000000,3,20
PISR-NSGA-II,Airy,1,1,0.6627105099,0.0000000000,3,20
PISR-NSGA-II,Airy,1,1,0.6627105101,0.0000000000,3,21
PISR-NSGA-II,Airy,1,1,0.6627105101,0.0000000000,3,21
PISR-NSGA-II,Airy,1,1,0.6627105101,0.0000000000,3,21
PISR-NSGA-II,Airy,1,1,0.6627105101,0.0000000000,3,21
PISR-NSGA-II,Airy,1,1,0.6627105101,0.0000000000,3,21
PISR-NSGA-II,Airy,1,1,0.6627105101,0.0000000000,3,21
PISR-NSGA-II,Airy,1,1,0.6627105101,0.0000000000,3,21
PISR-NSGA-II,Airy,1,1,0.6627105101,0.0000000000,3,21
PISR-NSGA-II,Airy,1,1,0.6627105101,0.0000000000,3,21
PISR-NSGA-II,Airy,1,1,0.6627105101,0.0000000000,3,21
PISR-NSGA-II,Airy,1,1,0.6627105101,0.0000000000,3,21
PISR-NSGA-II,Airy,1,1,0.6627105101,0.0000000000,3,21
PISR-NSGA-II,Airy,1,1,0.6627105101,0.0000000000,3,21
PISR-NSGA-II,Airy,1,1,0.6627105101,0.0000000000,3,21
PISR-NSGA-II,Airy,1,1,0.6627105101,0.0000000000,3,21
PISR-NSGA-II,Airy,1,1,0.6627105101,0.0000000000,3,21
PISR-NSGA-II,Airy,1,1,0.6627105101,0.0000000000,3,21
PISR-NSGA-II,Airy,1,1,0.6627105101,0.0000000000,3,21
PISR-NSGA-II,Airy,1,1,0.6627105101,0.0000000000,3,21
PISR-NSGA-II,Airy,1,1,0.6627105101,0.0000000000,3,21
PISR-NSGA-II,Airy,1,1,0.6627105101,0.0000000000,3,21
PISR-NSGA-II,Airy,1,1,0.6627105101,0.0000000000,3,21
PISR-NSGA-II,Airy,1,1,0.6627105101,0.0000000000,3,21
PISR-NSGA-II,Airy,1,1,0.6627105101,0.0000000000,3,21
PISR-NSGA-II,Airy,1,1,0.6627105101,0.0000000000,3,21
PISR-NSGA-II,Airy,1,1,0.6627105101,0.0000000000,3,21
PISR-NSGA-II,Airy,1,1,0.6627105101,0.0000000000,3,21
PISR-NSGA-II,Airy,1,1,0.6627105101,0.0000000000,3,21
PISR-NSGA-II,Airy,1,1,0.6627105101,0.0000000000,3,21
PISR-NSGA-II,Airy,1,1,0.6627105101,0.0000000000,3,21
PISR-NSGA-II,Airy,1,1,0.6627105101,0.0000000000,3,21
PISR-NSGA-II,Airy,1,1,0.6627105101,0.0000000000,3,21
PISR-NSGA-II,Airy,1,1,0.6627105101,0.0000000000,3,21
PISR-NSGA-II,Airy,1,1,0.6627105101,0.0000000000,3,21
PISR-NSGA-II,Airy,1,1,0.6627105101,0.0000000000,3,21
PISR-NSGA-II,Airy,1,1,0.6627105101,0.0000000000,3,21
PISR-NSGA-II,Airy,1,1,0.6627105101,0.0000000000,3,21
PISR-NSGA-II,Airy,1,1,0.6627105101,0.0000000000,3,21
PISR-NSGA-II,Airy,1,1,0.6627105106,0.0000000000,3,22
PISR-NSGA-II,Airy,1,1,0.6627105106,0.0000000000,3,23
PISR-NSGA-II,Airy,1,1,0.6627105138,0.0000000000,3,24
PISR-NSGA-II,Airy,1,1,0.6627105138,0.0000000000,3,24
PISR-NSGA-II,Airy,1,1,0.6627105138,0.0000000000,3,24
PISR-NSGA-II,Airy,1,1,0.6899439471,0.0000000000,3,25
PISR-NSGA-II,Airy,1,1,0.6756124116,0.0000000000,4,25
PISR-NSGA-II,Airy,1,1,0.6839883200,0.0000000000,5,26
PISR-NSGA-II,Airy,1,1,0.6996397441,0.0000000000,3,26
PISR-NSGA-II,Airy,1,1,0.7080476442,0.0000000000,4,27
PISR-NSGA-II,Airy,1,1,0.7886396613,0.0000000000,3,27
PISR-NSGA-II,Airy,1,1,1.2386877565,0.0000000000,3,28
PISR-NSGA-II,Airy,1,1,0.8153686590,0.0000000000,4,28
PISR-NSGA-II,Airy,1,1,0.9345662486,0.0000000000,4,29
PISR-NSGA-II,Airy,1,1,2.6994173415,0.0000000000,3,29
PISR-NSGA-II,Airy,1,1,0.8924393578,0.0000000000,6,29
PISR-NSGA-II,Airy,1,1,0.9371522968,0.0000000000,4,30
PISR-NSGA-II,Airy,1,1,3.0564669139,0.0000000000,3,30
PISR-NSGA-II,Airy,1,1,0.9313455459,0.0000000000,8,30
PISR-NSGA-II,Airy,1,1,0.9402743972,0.0000000000,4,31
PISR-NSGA-II,Airy,1,1,3.8953256951,0.0000000000,3,31
PISR-NSGA-II,Airy,1,1,0.9409004066,0.0000000000,4,32
PISR-NSGA-II,Airy,1,1,4.9457049738,0.0000000000,3,32
PISR-NSGA-II,Airy,1,1,0.9412982436,0.0000000000,4,33
PISR-NSGA-II,Airy,1,1,4.9457049785,0.0000000000,3,33
PISR-NSGA-II,Airy,1,1,0.9415877016,0.0000000000,4,34
PISR-NSGA-II,Airy,1,2,0.0000833652,0.0000000000,6,1
PISR-NSGA-II,Airy,1,2,0.6158867738,0.0000000000,4,1
PISR-NSGA-II,Airy,1,2,0.6621367840,0.0000000000,3,1
PISR-NSGA-II,Airy,1,2,0.4959430617,0.0000000000,5,1
PISR-NSGA-II,Airy,1,2,0.0000845895,0.0000000000,6,2
PISR-NSGA-II,Airy,1,2,0.6175484942,0.0000000000,4,2
PISR-NSGA-II,Airy,1,2,0.6627104823,0.0000000000,3,2
PISR-NSGA-II,Airy,1,2,0.0000845895,0.0000000000,6,2
PISR-NSGA-II,Airy,1,2,0.0000845895,0.0000000000,6,2
PISR-NSGA-II,Airy,1,2,0.0001428922,0.0000000000,6,3
PISR-NSGA-II,Airy,1,2,0.6175484956,0.0000000000,4,3
PISR-NSGA-II,Airy,1,2,0.6627104847,0.0000000000,3,3
PISR-NSGA-II,Airy,1,2,0.0001428922,0.0000000000,6,3
PISR-NSGA-II,Airy,1,2,0.0001428922,0.0000000000,6,3
PISR-NSGA-II,Airy,1,2,0.6175484956,0.0000000000,4,3
PISR-NSGA-II,Airy,1,2,0.6175484956,0.0000000000,4,3
PISR-NSGA-II,Airy,1,2,0.0205578170,0.0000000000,6,4
PISR-NSGA-II,Airy,1,2,0.6175484969,0.0000000000,4,4
PISR-NSGA-II,Airy,1,2,0.6627104981,0.0000000000,3,4
PISR-NSGA-II,Airy,1,2,0.6175484976,0.0000000000,4,5
PISR-NSGA-II,Airy,1,2,0.0224337356,0.0000000000,8,5
PISR-NSGA-II,Airy,1,2,0.6627105057,0.0000000000,3,5
PISR-NSGA-II,Airy,1,2,0.6175484976,0.0000000000,4,5
PISR-NSGA-II,Airy,1,2,0.6627105057,0.0000000000,3,5
PISR-NSGA-II,Airy,1,2,0.0229486893,0.0000000000,6,5
PISR-NSGA-II,Airy,1,2,0.0246978183,0.0000000000,8,6
PISR-NSGA-II,Airy,1,2,0.6175484978,0.0000000000,4,6
PISR-NSGA-II,Airy,1,2,0.6627105063,0.0000000000,3,6
PISR-NSGA-II,Airy,1,2,0.6627105063,0.0000000000,3,6
PISR-NSGA-II,Airy,1,2,0.6175484978,0.0000000000,4,6
PISR-NSGA-II,Airy,1,2,0.6627105063,0.0000000000,3,6
PISR-NSGA-II,Airy,1,2,0.0412344607,0.0000000000,6,6
PISR-NSGA-II,Airy,1,2,0.6175484991,0.0000000000,4,7
PISR-NSGA-II,Airy,1,2,0.0270569904,0.0000000000,8,7
PISR-NSGA-II,Airy,1,2,0.0270569904,0.0000000000,8,7
PISR-NSGA-II,Airy,1,2,0.6627105077,0.0000000000,3,7
PISR-NSGA-II,Airy,1,2,0.0270569904,0.0000000000,8,7
PISR-NSGA-II,Airy,1,2,0.6175484991,0.0000000000,4,7
PISR-NSGA-II,Airy,1,2,0.0788929004,0.0000000000,6,7
PISR-NSGA-II,Airy,1,2,0.0270569904,0.0000000000,8,7
PISR-NSGA-II,Airy,1,2,0.6175484991,0.0000000000,4,8
PISR-NSGA-II,Airy,1,2,0.0355448532,0.0000000000,8,8
PISR-NSGA-II,Airy,1,2,0.6627105084,0.0000000000,3,8
PISR-NSGA-II,Airy,1,2,0.6627105084,0.0000000000,3,8
PISR-NSGA-II,Airy,1,2,0.6627105084,0.0000000000,3,8
PISR-NSGA-II,Airy,1,2,0.1221356172,0.0000000000,6,8
PISR-NSGA-II,Airy,1,2,0.0322243239,0.0000000000,9,8
PISR-NSGA-II,Airy,1,2,0.6175484991,0.0000000000,4,9
PISR-NSGA-II,Airy,1,2,0.6175484991,0.0000000000,4,9
PISR-NSGA-II,Airy,1,2,0.6175484991,0.0000000000,4,9
PISR-NSGA-II,Airy,1,2,0.6175484991,0.0000000000,4,9
PISR-NSGA-II,Airy,1,2,0.6175484991,0.0000000000,4,9
PISR-NSGA-II,Airy,1,2,0.6175484991,0.0000000000,4,9
PISR-NSGA-II,Airy,1,2,0.6175484991,0.0000000000,4,9
PISR-NSGA-II,Airy,1,2,0.6175484991,0.0000000000,4,9
PISR-NSGA-II,Airy,1,2,0.6175484991,0.0000000000,4,9
PISR-NSGA-II,Airy,1,2,0.6175484991,0.0000000000,4,9
PISR-NSGA-II,Airy,1,2,0.6175484991,0.0000000000,4,9
PISR-NSGA-II,Airy,1,2,0.6175484991,0.0000000000,4,9
PISR-NSGA-II,Airy,1,2,0.6175484991,0.0000000000,4,9
PISR-NSGA-II,Airy,1,2,0.6175484991,0.0000000000,4,9
PISR-NSGA-II,Airy,1,2,0.0367192030,0.0000000000,8,9
PISR-NSGA-II,Airy,1,2,0.6627105086,0.0000000000,3,9
PISR-NSGA-II,Airy,1,2,0.6627105086,0.0000000000,3,9
PISR-NSGA-II,Airy,1,2,0.6627105086,0.0000000000,3,9
PISR-NSGA-II,Airy,1,2,0.6175484991,0.0000000000,4,9
PISR-NSGA-II,Airy,1,2,0.6175484991,0.0000000000,4,9
PISR-NSGA-II,Airy,1,2,0.6175484991,0.0000000000,4,9
PISR-NSGA-II,Airy,1,2,0.2928396071,0.0000000000,6,9
PISR-NSGA-II,Airy,1,2,0.6175484991,0.0000000000,4,9
PISR-NSGA-II,Airy,1,2,0.6175484991,0.0000000000,4,9
PISR-NSGA-II,Airy,1,2,0.6627105086,0.0000000000,3,9
PISR-NSGA-II,Airy,1,2,0.6175484992,0.0000000000,4,10
PISR-NSGA-II,Airy,1,2,0.0380799580,0.0000000000,8,10
PISR-NSGA-II,Airy,1,2,0.0380799580,0.0000000000,8,10
PISR-NSGA-II,Airy,1,2,0.0380799580,0.0000000000,8,10
PISR-NSGA-II,Airy,1,2,0.0380799580,0.0000000000,8,10
PISR-NSGA-II,Airy,1,2,0.0380799580,0.0000000000,8,10
PISR-NSGA-II,Airy,1,2,0.0380799580,0.0000000000,8,10
PISR-NSGA-II,Airy,1,2,0.6627105087,0.0000000000,3,10
PISR-NSGA-II,Airy,1,2,0.2954073298,0.0000000000,6,10
PISR-NSGA-II,Airy,1,2,0.0380799580,0.0000000000,8,10
PISR-NSGA-II,Airy,1,2,0.6175484993,0.0000000000,4,11
PISR-NSGA-II,Airy,1,2,0.0386877198,0.0000000000,8,11
PISR-NSGA-II,Airy,1,2,0.6627105092,0.0000000000,3,11
PISR-NSGA-II,Airy,1,2,0.3074469339,0.0000000000,6,11
PISR-NSGA-II,Airy,1,2,0.6175484993,0.0000000000,4,11
PISR-NSGA-II,Airy,1,2,0.6175484999,0.0000000000,4,12
PISR-NSGA-II,Airy,1,2,0.6175484999,0.0000000000,4,12
PISR-NSGA-II,Airy,1,2,0.6175484999,0.0000000000,4,12
PISR-NSGA-II,Airy,1,2,0.0406439840,0.0000000000,8,12
PISR-NSGA-II,Airy,1,2,0.6627105093,0.0000000000,3,12
PISR-NSGA-II,Airy,1,2,0.6627105093,0.0000000000,3,12
PISR-NSGA-II,Airy,1,2,0.3860168420,0.0000000000,6,12
PISR-NSGA-II,Airy,1,2,0.6081632727,0.0000000000,6,13
PISR-NSGA-II,Airy,1,2,0.6175485000,0.0000000000,4,13
PISR-NSGA-II,Airy,1,2,0.0415699097,0.0000000000,8,13
PISR-NSGA-II,Airy,1,2,0.6627105098,0.0000000000,3,13
PISR-NSGA-II,Airy,1,2,0.6627105098,0.0000000000,3,13
PISR-NSGA-II,Airy,1,2,0.6151710307,0.0000000000,7,14
PISR-NSGA-II,Airy,1,2,0.6151710307,0.0000000000,7,14
PISR-NSGA-II,Airy,1,2,0.6151710307,0.0000000000,7,14
PISR-NSGA-II,Airy,1,2,0.6151710307,0.0000000000,7,14
PISR-NSGA-II,Airy,1,2,0.5994560351,0.0000000000,8,14
PISR-NSGA-II,Airy,1,2,0.0430952195,0.0000000000,10,14
PISR-NSGA-II,Airy,1,2,0.6627105098,0.0000000000,3,14
PISR-NSGA-II,Airy,1,2,0.6627105098,0.0000000000,3,14
PISR-NSGA-II,Airy,1,2,0.6175485011,0.0000000000,4,14
PISR-NSGA-II,Airy,1,2,0.6151710307,0.0000000000,7,14
PISR-NSGA-II,Airy,1,2,0.6151710307,0.0000000000,7,14
PISR-NSGA-II,Airy,1,2,0.6151710307,0.0000000000,7,14
PISR-NSGA-II,Airy,1,2,0.6175485011,0.0000000000,4,14
PISR-NSGA-II,Airy,1,2,0.6151710525,0.0000000000,7,15
PISR-NSGA-II,Airy,1,2,0.6151710525,0.0000000000,7,15
PISR-NSGA-II,Airy,1,2,0.6151710525,0.0000000000,7,15
PISR-NSGA-II,Airy,1,2,0.0440244460,0.0000000000,10,15
PISR-NSGA-II,Airy,1,2,0.6627105098,0.0000000000,3,15
PISR-NSGA-II,Airy,1,2,0.6627105098,0.0000000000,3,15
PISR-NSGA-II,Airy,1,2,0.6627105098,0.0000000000,3,15
PISR-NSGA-II,Airy,1,2,0.6187533154,0.0000000000,5,15
PISR-NSGA-II,Airy,1,2,0.6295898508,0.0000000000,4,15
PISR-NSGA-II,Airy,1,2,0.6151710525,0.0000000000,7,15
PISR-NSGA-II,Airy,1,2,0.6151710525,0.0000000000,7,15
PISR-NSGA-II,Airy,1,2,0.6627105098,0.0000000000,3,15
PISR-NSGA-II,Airy,1,2,0.6174708510,0.0000000000,7,16
PISR-NSGA-II,Airy,1,2,0.6627105099,0.0000000000,3,16
PISR-NSGA-II,Airy,1,2,0.6627105099,0.0000000000,3,16
PISR-NSGA-II,Airy,1,2,0.6213587343,0.0000000000,5,16
PISR-NSGA-II,Airy,1,2,0.0512419765,0.0000000000,11,16
PISR-NSGA-II,Airy,1,2,0.5976047051,0.0000000000,10,16
PISR-NSGA-II,Airy,1,2,0.6451779024,0.0000000000,4,16
PISR-NSGA-II,Airy,1,2,0.6627105101,0.0000000000,3,17
PISR-NSGA-II,Airy,1,2,0.6627105101,0.0000000000,3,17
PISR-NSGA-II,Airy,1,2,0.4638981442,0.0000000000,12,17
PISR-NSGA-II,Airy,1,2,0.6251044426,0.0000000000,7,17
PISR-NSGA-II,Airy,1,2,0.6487467965,0.0000000000,4,17
PISR-NSGA-II,Airy,1,2,0.6364614025,0.0000000000,5,17
PISR-NSGA-II,Airy,1,2,0.6289929223,0.0000000000,6,17
PISR-NSGA-II,Airy,1,2,0.6627105101,0.0000000000,3,17
PISR-NSGA-II,Airy,1,2,0.6627105101,0.0000000000,3,17
PISR-NSGA-II,Airy,1,2,0.6627105101,0.0000000000,3,17
PISR-NSGA-II,Airy,1,2,0.6627105101,0.0000000000,3,17
PISR-NSGA-II,Airy,1,2,0.6627105101,0.0000000000,3,17
PISR-NSGA-II,Airy,1,2,0.6627105101,0.0000000000,3,17
PISR-NSGA-II,Airy,1,2,0.6627105101,0.0000000000,3,17
PISR-NSGA-II,Airy,1,2,0.6627105101,0.0000000000,3,17
PISR-NSGA-II,Airy,1,2,0.6627105101,0.0000000000,3,17
PISR-NSGA-II,Airy,1,2,0.6627105101,0.0000000000,3,17
PISR-NSGA-II,Airy,1,2,0.6627105101,0.0000000000,3,17
PISR-NSGA-II,Airy,1,2,0.6627105101,0.0000000000,3,17
PISR-NSGA-II,Airy,1,3,0.0008199309,0.0000000000,5,1
PISR-NSGA-II,Airy,1,3,0.0000793734,0.0000000000,6,1
PISR-NSGA-II,Airy,1,3,0.0000793734,0.0000000000,6,1
PISR-NSGA-II,Airy,1,3,0.0000793734,0.0000000000,6,1
PISR-NSGA-II,Airy,1,3,0.6190977115,0.0000000000,3,1
PISR-NSGA-II,Airy,1,3,0.6158867736,0.0000000000,4,1
PISR-NSGA-II,Airy,1,3,0.0000834980,0.0000000000,6,2
PISR-NSGA-II,Airy,1,3,0.6204469214,0.0000000000,3,2
PISR-NSGA-II,Airy,1,3,0.0000834980,0.0000000000,6,2
PISR-NSGA-II,Airy,1,3,0.1888629250,0.0000000000,5,2
PISR-NSGA-II,Airy,1,3,0.6158867737,0.0000000000,4,2
PISR-NSGA-II,Airy,1,3,0.0000909425,0.0000000000,6,3
PISR-NSGA-II,Airy,1,3,0.0000909425,0.0000000000,6,3
PISR-NSGA-II,Airy,1,3,0.0000909425,0.0000000000,6,3
PISR-NSGA-II,Airy,1,3,0.6221338249,0.0000000000,3,3
PISR-NSGA-II,Airy,1,3,0.6173751710,0.0000000000,4,3
PISR-NSGA-II,Airy,1,3,0.0004183835,0.0000000000,6,4
PISR-NSGA-II,Airy,1,3,0.6175484968,0.0000000000,4,4
PISR-NSGA-II,Airy,1,3,0.6284783209,0.0000000000,3,4
PISR-NSGA-II,Airy,1,3,0.6175484974,0.0000000000,4,5
PISR-NSGA-II,Airy,1,3,0.6428337908,0.0000000000,3,5
PISR-NSGA-II,Airy,1,3,0.0012812103,0.0000000000,6,5
PISR-NSGA-II,Airy,1,3,0.6627105052,0.0000000000,3,6
PISR-NSGA-II,Airy,1,3,0.6175484981,0.0000000000,4,6
PISR-NSGA-II,Airy,1,3,0.6175484981,0.0000000000,4,6
PISR-NSGA-II,Airy,1,3,0.0013857737,0.0000000000,6,6
PISR-NSGA-II,Airy,1,3,0.6175484981,0.0000000000,4,6
PISR-NSGA-II,Airy,1,3,0.0013857737,0.0000000000,6,6
PISR-NSGA-II,Airy,1,3,0.6175484981,0.0000000000,4,6
PISR-NSGA-II,Airy,1,3,0.6175484987,0.0000000000,4,7
PISR-NSGA-II,Airy,1,3,0.6627105063,0.0000000000,3,7
PISR-NSGA-II,Airy,1,3,0.6627105063,0.0000000000,3,7
PISR-NSGA-II,Airy,1,3,0.6175484987,0.0000000000,4,7
PISR-NSGA-II,Airy,1,3,0.6627105063,0.0000000000,3,7
PISR-NSGA-II,Airy,1,3,0.0015482976,0.0000000000,6,7
PISR-NSGA-II,Airy,1,3,0.6175484987,0.0000000000,4,7
PISR-NSGA-II,Airy,1,3,0.6175484989,0.0000000000,4,8
PISR-NSGA-II,Airy,1,3,0.6175484989,0.0000000000,4,8
PISR-NSGA-II,Airy,1,3,0.6175484989,0.0000000000,4,8
PISR-NSGA-II,Airy,1,3,0.6627105077,0.0000000000,3,8
PISR-NSGA-II,Airy,1,3,0.0031671417,0.0000000000,6,8
PISR-NSGA-II,Airy,1,3,0.6627105077,0.0000000000,3,8
PISR-NSGA-II,Airy,1,3,0.6175484990,0.0000000000,4,9
PISR-NSGA-II,Airy,1,3,0.6627105077,0.0000000000,3,9
PISR-NSGA-II,Airy,1,3,0.6627105077,0.0000000000,3,9
PISR-NSGA-II,Airy,1,3,0.0035115142,0.0000000000,6,9
PISR-NSGA-II,Airy,1,3,0.6175484990,0.0000000000,4,9
PISR-NSGA-II,Airy,1,3,0.6627105077,0.0000000000,3,9
PISR-NSGA-II,Airy,1,3,0.6627105077,0.0000000000,3,9
PISR-NSGA-II,Airy,1,3,0.6175484991,0.0000000000,4,10
PISR-NSGA-II,Airy,1,3,0.6627105078,0.0000000000,3,10
PISR-NSGA-II,Airy,1,3,0.0070656398,0.0000000000,6,10
PISR-NSGA-II,Airy,1,3,0.6627105078,0.0000000000,3,10
PISR-NSGA-II,Airy,1,3,0.6175484991,0.0000000000,4,11
PISR-NSGA-II,Airy,1,3,0.6175484991,0.0000000000,4,11
PISR-NSGA-II,Airy,1,3,0.6627105084,0.0000000000,3,11
PISR-NSGA-II,Airy,1,3,0.6627105084,0.0000000000,3,11
PISR-NSGA-II,Airy,1,3,0.6627105084,0.0000000000,3,11
PISR-NSGA-II,Airy,1,3,0.6627105084,0.0000000000,3,11
PISR-NSGA-II,Airy,1,3,0.6175484991,0.0000000000,4,11
PISR-NSGA-II,Airy,1,3,0.0121882262,0.0000000000,6,11
PISR-NSGA-II,Airy,1,3,0.6627105084,0.0000000000,3,11
PISR-NSGA-II,Airy,1,3,0.6175484991,0.0000000000,4,12
PISR-NSGA-II,Airy,1,3,0.6627105086,0.0000000000,3,12
PISR-NSGA-II,Airy,1,3,0.6627105086,0.0000000000,3,12
PISR-NSGA-II,Airy,1,3,0.6627105086,0.0000000000,3,12
PISR-NSGA-II,Airy,1,3,0.6627105086,0.0000000000,3,12
PISR-NSGA-II,Airy,1,3,0.6175484991,0.0000000000,4,12
PISR-NSGA-II,Airy,1,3,0.0144472724,0.0000000000,6,12
PISR-NSGA-II,Airy,1,3,0.6627105086,0.0000000000,3,12
PISR-NSGA-II,Airy,1,3,0.6627105086,0.0000000000,3,12
PISR-NSGA-II,Airy,1,3,0.6175484991,0.0000000000,4,13
PISR-NSGA-II,Airy,1,3,0.6175484991,0.0000000000,4,13
PISR-NSGA-II,Airy,1,3,0.6175484991,0.0000000000,4,13
PISR-NSGA-II,Airy,1,3,0.6175484991,0.0000000000,4,13
PISR-NSGA-II,Airy,1,3,0.6175484991,0.0000000000,4,13
PISR-NSGA-II,Airy,1,3,0.6175484991,0.0000000000,4,13
PISR-NSGA-II,Airy,1,3,0.6175484991,0.0000000000,4,13
PISR-NSGA-II,Airy,1,3,0.6175484991,0.0000000000,4,13
PISR-NSGA-II,Airy,1,3,0.6175484991,0.0000000000,4,13
PISR-NSGA-II,Airy,1,3,0.6175484991,0.0000000000,4,13
PISR-NSGA-II,Airy,1,3,0.6175484991,0.0000000000,4,13
PISR-NSGA-II,Airy,1,3,0.6175484991,0.0000000000,4,13
PISR-NSGA-II,Airy,1,3,0.6175484991,0.0000000000,4,13
PISR-NSGA-II,Airy,1,3,0.6175484991,0.0000000000,4,13
PISR-NSGA-II,Airy,1,3,0.6175484991,0.0000000000,4,13
PISR-NSGA-II,Airy,1,3,0.6175484991,0.0000000000,4,13
PISR-NSGA-II,Airy,1,3,0.6175484991,0.0000000000,4,13
PISR-NSGA-II,Airy,1,3,0.6175484991,0.0000000000,4,13
PISR-NSGA-II,Airy,1,3,0.6175484991,0.0000000000,4,13
PISR-NSGA-II,Airy,1,3,0.6627105087,0.0000000000,3,13
PISR-NSGA-II,Airy,1,3,0.6175484991,0.0000000000,4,13
PISR-NSGA-II,Airy,1,3,0.6175484991,0.0000000000,4,13
PISR-NSGA-II,Airy,1,3,0.6175484991,0.0000000000,4,13
PISR-NSGA-II,Airy,1,3,0.0181956066,0.0000000000,6,13
PISR-NSGA-II,Airy,1,3,0.6175484991,0.0000000000,4,13
PISR-NSGA-II,Airy,1,3,0.6175484991,0.0000000000,4,13
PISR-NSGA-II,Airy,1,3,0.6175484991,0.0000000000,4,13
PISR-NSGA-II,Airy,1,3,0.0204965954,0.0000000000,6,14
PISR-NSGA-II,Airy,1,3,0.6175484992,0.0000000000,4,14
PISR-NSGA-II,Airy,1,3,0.6627105092,0.0000000000,3,14
PISR-NSGA-II,Airy,1,3,0.0205015534,0.0000000000,6,15
PISR-NSGA-II,Airy,1,3,0.6175484993,0.0000000000,4,15
PISR-NSGA-II,Airy,1,3,0.6175484993,0.0000000000,4,15
PISR-NSGA-II,Airy,1,3,0.6627105093,0.0000000000,3,15
PISR-NSGA-II,Airy,1,3,0.6627105093,0.0000000000,3,15
PISR-NSGA-II,Airy,1,3,0.6627105093,0.0000000000,3,15
PISR-NSGA-II,Airy,1,3,0.6175484999,0.0000000000,4,16
PISR-NSGA-II,Airy,1,3,0.6627105093,0.0000000000,3,16
PISR-NSGA-II,Airy,1,3,0.0205675493,0.0000000000,8,16
PISR-NSGA-II,Airy,1,3,0.6175484999,0.0000000000,4,16
PISR-NSGA-II,Airy,1,3,0.6175484999,0.0000000000,4,16
PISR-NSGA-II,Airy,1,3,0.6175484999,0.0000000000,4,16
PISR-NSGA-II,Airy,1,3,0.0239181972,0.0000000000,6,16
PISR-NSGA-II,Airy,1,3,0.6175484999,0.0000000000,4,16
PISR-NSGA-II,Airy,1,3,0.6175484999,0.0000000000,4,16
PISR-NSGA-II,Airy,1,3,0.0241047167,0.0000000000,8,17
PISR-NSGA-II,Airy,1,3,0.6175485000,0.0000000000,4,17
PISR-NSGA-II,Airy,1,3,0.6627105098,0.0000000000,3,17
PISR-NSGA-II,Airy,1,3,0.6627105098,0.0000000000,3,17
PISR-NSGA-II,Airy,1,3,0.0253652808,0.0000000000,6,17
PISR-NSGA-II,Airy,1,3,0.0210875709,0.0000000000,14,17
PISR-NSGA-II,Airy,1,3,0.0259291463,0.0000000000,8,18
PISR-NSGA-II,Airy,1,3,0.0259291463,0.0000000000,8,18
PISR-NSGA-II,Airy,1,3,0.0259291463,0.0000000000,8,18
PISR-NSGA-II,Airy,1,3,0.0259291463,0.0000000000,8,18
PISR-NSGA-II,Airy,1,3,0.6627105098,0.0000000000,3,18
PISR-NSGA-II,Airy,1,3,0.6627105098,0.0000000000,3,18
PISR-NSGA-II,Airy,1,3,0.6175485000,0.0000000000,4,18
PISR-NSGA-II,Airy,1,3,0.6175485000,0.0000000000,4,18
PISR-NSGA-II,Airy,1,3,0.0277237146,0.0000000000,6,18
PISR-NSGA-II,Airy,1,3,0.0341724055,0.0000000000,8,19
PISR-NSGA-II,Airy,1,3,0.0335548042,0.0000000000,9,19
PISR-NSGA-II,Airy,1,3,0.6627105098,0.0000000000,3,19
PISR-NSGA-II,Airy,1,3,0.6627105098,0.0000000000,3,19
PISR-NSGA-II,Airy,1,3,0.6627105098,0.0000000000,3,19
PISR-NSGA-II,Airy,1,3,0.6627105098,0.0000000000,3,19
PISR-NSGA-II,Airy,1,3,0.6175485003,0.0000000000,4,19
PISR-NSGA-II,Airy,1,3,0.0427109249,0.0000000000,6,19
PISR-NSGA-II,Airy,1,3,0.0352376200,0.0000000000,8,20
PISR-NSGA-II,Airy,1,3,0.6627105099,0.0000000000,3,20
PISR-NSGA-II,Airy,1,3,0.6627105099,0.0000000000,3,20
PISR-NSGA-II,Airy,1,3,0.6213587343,0.0000000000,5,20
PISR-NSGA-II,Airy,1,3,0.6287554124,0.0000000000,4,20
PISR-NSGA-II,Airy,1,3,0.0605247286,0.0000000000,6,20
PISR-NSGA-II,Airy,1,3,0.6627105101,0.0000000000,3,21
PISR-NSGA-II,Airy,1,3,0.6627105101,0.0000000000,3,21
PISR-NSGA-II,Airy,1,3,0.0364597613,0.0000000000,8,21
PISR-NSGA-II,Airy,1,3,0.0629201592,0.0000000000,6,21
PISR-NSGA-II,Airy,1,3,0.6346257086,0.0000000000,4,21
PISR-NSGA-II,Airy,1,4,0.0008126843,0.0000000000,5,1
PISR-NSGA-II,Airy,1,4,0.0000799311,0.0000000000,6,1
PISR-NSGA-II,Airy,1,4,0.0000799311,0.0000000000,6,1
PISR-NSGA-II,Airy,1,4,0.0000799311,0.0000000000,6,1
PISR-NSGA-II,Airy,1,4,0.0000375916,0.0000000000,14,1
PISR-NSGA-II,Airy,1,4,0.6175484972,0.0000000000,4,1
PISR-NSGA-II,Airy,1,4,0.6175484972,0.0000000000,4,1
PISR-NSGA-II,Airy,1,4,0.6278250167,0.0000000000,3,1
PISR-NSGA-II,Airy,1,4,0.0008208365,0.0000000000,5,2
PISR-NSGA-II,Airy,1,4,0.0000800971,0.0000000000,6,2
PISR-NSGA-II,Airy,1,4,0.0000800971,0.0000000000,6,2
PISR-NSGA-II,Airy,1,4,0.0000800971,0.0000000000,6,2
PISR-NSGA-II,Airy,1,4,0.6175484981,0.0000000000,4,2
PISR-NSGA-II,Airy,1,4,0.6175484981,0.0000000000,4,2
PISR-NSGA-II,Airy,1,4,0.6175484981,0.0000000000,4,2
PISR-NSGA-II,Airy,1,4,0.6175484981,0.0000000000,4,2
PISR-NSGA-II,Airy,1,4,0.6175484981,0.0000000000,4,2
PISR-NSGA-II,Airy,1,4,0.6175484981,0.0000000000,4,2
PISR-NSGA-II,Airy,1,4,0.6175484981,0.0000000000,4,2
PISR-NSGA-II,Airy,1,4,0.6175484981,0.0000000000,4,2
PISR-NSGA-II,Airy,1,4,0.6286880393,0.0000000000,3,2
PISR-NSGA-II,Airy,1,4,0.0000800971,0.0000000000,6,2
PISR-NSGA-II,Airy,1,4,0.6175484981,0.0000000000,4,2
PISR-NSGA-II,Airy,1,4,0.0000835705,0.0000000000,6,3
PISR-NSGA-II,Airy,1,4,0.0000835705,0.0000000000,6,3
PISR-NSGA-II,Airy,1,4,0.6175484982,0.0000000000,4,3
PISR-NSGA-II,Airy,1,4,0.0000835705,0.0000000000,6,3
PISR-NSGA-II,Airy,1,4,0.0058019068,0.0000000000,5,3
PISR-NSGA-II,Airy,1,4,0.6301478760,0.0000000000,3,3
PISR-NSGA-II,Airy,1,4,0.6175484987,0.0000000000,4,4
PISR-NSGA-II,Airy,1,4,0.6175484987,0.0000000000,4,4
PISR-NSGA-II,Airy,1,4,0.6175484987,0.0000000000,4,4
PISR-NSGA-II,Airy,1,4,0.0000851538,0.0000000000,6,4
PISR-NSGA-II,Airy,1,4,0.0000851538,0.0000000000,6,4
PISR-NSGA-II,Airy,1,4,0.6175484987,0.0000000000,4,4
PISR-NSGA-II,Airy,1,4,0.0734563648,0.0000000000,5,4
PISR-NSGA-II,Airy,1,4,0.6175484987,0.0000000000,4,4
PISR-NSGA-II,Airy,1,4,0.6175484987,0.0000000000,4,4
PISR-NSGA-II,Airy,1,4,0.6415415007,0.0000000000,3,4
PISR-NSGA-II,Airy,1,4,0.6175484989,0.0000000000,4,5
PISR-NSGA-II,Airy,1,4,0.6175484989,0.0000000000,4,5
PISR-NSGA-II,Airy,1,4,0.6175484989,0.0000000000,4,5
PISR-NSGA-II,Airy,1,4,0.0001163819,0.0000000000,6,5
PISR-NSGA-II,Airy,1,4,0.0001163819,0.0000000000,6,5
PISR-NSGA-II,Airy,1,4,0.6175484989,0.0000000000,4,5
PISR-NSGA-II,Airy,1,4,0.1484972590,0.0000000000,5,5
PISR-NSGA-II,Airy,1,4,0.0001163819,0.0000000000,6,5
PISR-NSGA-II,Airy,1,4,0.6491255081,0.0000000000,3,5
PISR-NSGA-II,Airy,1,4,0.6175484989,0.0000000000,4,6
PISR-NSGA-II,Airy,1,4,0.0001451552,0.0000000000,6,6
PISR-NSGA-II,Airy,1,4,0.4138842957,0.0000000000,5,6
PISR-NSGA-II,Airy,1,4,0.6508327190,0.0000000000,3,6
PISR-NSGA-II,Airy,1,4,0.0001657403,0.0000000000,6,7
PISR-NSGA-II,Airy,1,4,0.6175484990,0.0000000000,4,7
PISR-NSGA-II,Airy,1,4,0.6617744596,0.0000000000,3,7
PISR-NSGA-II,Airy,1,4,0.6627105052,0.0000000000,3,8
PISR-NSGA-II,Airy,1,4,0.6175484990,0.0000000000,4,8
PISR-NSGA-II,Airy,1,4,0.6175484990,0.0000000000,4,8
PISR-NSGA-II,Airy,1,4,0.0002578567,0.0000000000,6,8
PISR-NSGA-II,Airy,1,4,0.6627105063,0.0000000000,3,9
PISR-NSGA-II,Airy,1,4,0.6627105063,0.0000000000,3,9
PISR-NSGA-II,Airy,1,4,0.6627105063,0.0000000000,3,9
PISR-NSGA-II,Airy,1,4,0.6175484991,0.0000000000,4,9
PISR-NSGA-II,Airy,1,4,0.6627105063,0.0000000000,3,9
PISR-NSGA-II,Airy,1,4,0.6627105063,0.0000000000,3,9
PISR-NSGA-II,Airy,1,4,0.6627105063,0.0000000000,3,9
PISR-NSGA-II,Airy,1,4,0.0004297339,0.0000000000,6,9
PISR-NSGA-II,Airy,1,4,0.0004654535,0.0000000000,6,10
PISR-NSGA-II,Airy,1,4,0.0004654535,0.0000000000,6,10
PISR-NSGA-II,Airy,1,4,0.6627105077,0.0000000000,3,10
PISR-NSGA-II,Airy,1,4,0.6627105077,0.0000000000,3,10
PISR-NSGA-II,Airy,1,4,0.6175484991,0.0000000000,4,10
PISR-NSGA-II,Airy,1,4,0.6175484991,0.0000000000,4,10
PISR-NSGA-II,Airy,1,4,0.6175484991,0.0000000000,4,10
PISR-NSGA-II,Airy,1,4,0.0004832090,0.0000000000,6,11
PISR-NSGA-II,Airy,1,4,0.6627105077,0.0000000000,3,11
PISR-NSGA-II,Airy,1,4,0.6627105077,0.0000000000,3,11
PISR-NSGA-II,Airy,1,4,0.6627105077,0.0000000000,3,11
PISR-NSGA-II,Airy,1,4,0.6627105077,0.0000000000,3,11
PISR-NSGA-II,Airy,1,4,0.6175484991,0.0000000000,4,11
PISR-NSGA-II,Airy,1,4,0.6175484991,0.0000000000,4,11
PISR-NSGA-II,Airy,1,4,0.6627105077,0.0000000000,3,11
PISR-NSGA-II,Airy,1,4,0.6627105077,0.0000000000,3,11
PISR-NSGA-II,Airy,1,4,0.0005090137,0.0000000000,6,12
PISR-NSGA-II,Airy,1,4,0.6627105078,0.0000000000,3,12
PISR-NSGA-II,Airy,1,4,0.6627105078,0.0000000000,3,12
PISR-NSGA-II,Airy,1,4,0.6175484991,0.0000000000,4,12
PISR-NSGA-II,Airy,1,4,0.6175484991,0.0000000000,4,12
PISR-NSGA-II,Airy,1,4,0.6175484991,0.0000000000,4,12
PISR-NSGA-II,Airy,1,4,0.6175484991,0.0000000000,4,12
PISR-NSGA-II,Airy,1,4,0.6175484991,0.0000000000,4,12
PISR-NSGA-II,Airy,1,4,0.6175484991,0.0000000000,4,12
PISR-NSGA-II,Airy,1,4,0.6175484991,0.0000000000,4,12
PISR-NSGA-II,Airy,1,4,0.6175484991,0.0000000000,4,12
PISR-NSGA-II,Airy,1,4,0.6175484991,0.0000000000,4,12
PISR-NSGA-II,Airy,1,4,0.6175484991,0.0000000000,4,12
PISR-NSGA-II,Airy,1,4,0.6175484991,0.0000000000,4,12
PISR-NSGA-II,Airy,1,4,0.6175484991,0.0000000000,4,12
PISR-NSGA-II,Airy,1,4,0.6175484991,0.0000000000,4,12
PISR-NSGA-II,Airy,1,4,0.6175484991,0.0000000000,4,12
PISR-NSGA-II,Airy,1,4,0.6175484991,0.0000000000,4,12
PISR-NSGA-II,Airy,1,4,0.6175484991,0.0000000000,4,12
PISR-NSGA-II,Airy,1,4,0.6175484991,0.0000000000,4,12
PISR-NSGA-II,Airy,1,4,0.6175484991,0.0000000000,4,12
PISR-NSGA-II,Airy,1,4,0.6175484991,0.0000000000,4,12
PISR-NSGA-II,Airy,1,4,0.6175484991,0.0000000000,4,12
PISR-NSGA-II,Airy,1,4,0.6175484991,0.0000000000,4,12
PISR-NSGA-II,Airy,1,4,0.6175484991,0.0000000000,4,12
PISR-NSGA-II,Airy,1,4,0.6175484991,0.0000000000,4,12
PISR-NSGA-II,Airy,1,4,0.6175484991,0.0000000000,4,12
PISR-NSGA-II,Airy,1,4,0.6175484991,0.0000000000,4,12
PISR-NSGA-II,Airy,1,4,0.6175484991,0.0000000000,4,12
PISR-NSGA-II,Airy,1,4,0.6627105084,0.0000000000,3,13
PISR-NSGA-II,Airy,1,4,0.6627105084,0.0000000000,3,13
PISR-NSGA-II,Airy,1,4,0.6627105084,0.0000000000,3,13
PISR-NSGA-II,Airy,1,4,0.6627105084,0.0000000000,3,13
PISR-NSGA-II,Airy,1,4,0.6627105084,0.0000000000,3,13
PISR-NSGA-II,Airy,1,4,0.6175484992,0.0000000000,4,13
PISR-NSGA-II,Airy,1,4,0.0007312543,0.0000000000,6,13
PISR-NSGA-II,Airy,1,4,0.6627105084,0.0000000000,3,13
PISR-NSGA-II,Airy,1,4,0.6627105084,0.0000000000,3,13
PISR-NSGA-II,Airy,1,4,0.0008401803,0.0000000000,6,14
PISR-NSGA-II,Airy,1,4,0.6627105086,0.0000000000,3,14
PISR-NSGA-II,Airy,1,4,0.6627105086,0.0000000000,3,14
PISR-NSGA-II,Airy,1,4,0.6627105086,0.0000000000,3,14
PISR-NSGA-II,Airy,1,4,0.6627105086,0.0000000000,3,14
PISR-NSGA-II,Airy,1,4,0.6627105086,0.0000000000,3,14
PISR-NSGA-II,Airy,1,4,0.6627105086,0.0000000000,3,14
PISR-NSGA-II,Airy,1,4,0.6175484993,0.0000000000,4,14
PISR-NSGA-II,Airy,1,4,0.6175484993,0.0000000000,4,14
PISR-NSGA-II,Airy,1,4,0.6627105086,0.0000000000,3,14
PISR-NSGA-II,Airy,1,4,0.6627105086,0.0000000000,3,14
PISR-NSGA-II,Airy,1,4,0.0010103357,0.0000000000,6,15
PISR-NSGA-II,Airy,1,4,0.6627105087,0.0000000000,3,15
PISR-NSGA-II,Airy,1,4,0.6175484993,0.0000000000,4,15
PISR-NSGA-II,Airy,1,4,0.0011215889,0.0000000000,6,16
PISR-NSGA-II,Airy,1,4,0.6627105092,0.0000000000,3,16
PISR-NSGA-II,Airy,1,4,0.6175484998,0.0000000000,4,16
PISR-NSGA-II,Airy,1,4,0.6175484999,0.0000000000,4,17
PISR-NSGA-II,Airy,1,4,0.6175484999,0.0000000000,4,17
PISR-NSGA-II,Airy,1,4,0.6627105093,0.0000000000,3,17
PISR-NSGA-II,Airy,1,4,0.6627105093,0.0000000000,3,17
PISR-NSGA-II,Airy,1,4,0.6627105093,0.0000000000,3,17
PISR-NSGA-II,Airy,1,4,0.6175484999,0.0000000000,4,17
PISR-NSGA-II,Airy,1,4,0.6175484999,0.0000000000,4,17
PISR-NSGA-II,Airy,1,4,0.6175484999,0.0000000000,4,17
PISR-NSGA-II,Airy,1,4,0.6175484999,0.0000000000,4,17
PISR-NSGA-II,Airy,1,4,0.6175484999,0.0000000000,4,17
PISR-NSGA-II,Airy,1,4,0.6175484999,0.0000000000,4,17
PISR-NSGA-II,Airy,1,4,0.0012813900,0.0000000000,6,17
PISR-NSGA-II,Airy,1,5,0.0008126663,0.0000000000,5,1
PISR-NSGA-II,Airy,1,5,0.0000313160,0.0000000000,14,1
PISR-NSGA-II,Airy,1,5,0.0000794156,0.0000000000,6,1
PISR-NSGA-II,Airy,1,5,0.0000794156,0.0000000000,6,1
PISR-NSGA-II,Airy,1,5,0.6199991915,0.0000000000,3,1
PISR-NSGA-II,Airy,1,5,0.6162210299,0.0000000000,4,1
PISR-NSGA-II,Airy,1,5,0.0008126865,0.0000000000,5,2
PISR-NSGA-II,Airy,1,5,0.0000795109,0.0000000000,6,2
PISR-NSGA-II,Airy,1,5,0.0000795109,0.0000000000,6,2
PISR-NSGA-II,Airy,1,5,0.0000795109,0.0000000000,6,2
PISR-NSGA-II,Airy,1,5,0.0000795109,0.0000000000,6,2
PISR-NSGA-II,Airy,1,5,0.0000795109,0.0000000000,6,2
PISR-NSGA-II,Airy,1,5,0.6214959394,0.0000000000,3,2
PISR-NSGA-II,Airy,1,5,0.6170170265,0.0000000000,4,2
PISR-NSGA-II,Airy,1,5,0.6175484981,0.0000000000,4,3
PISR-NSGA-II,Airy,1,5,0.6175484981,0.0000000000,4,3
PISR-NSGA-II,Airy,1,5,0.6175484981,0.0000000000,4,3
PISR-NSGA-II,Airy,1,5,0.6175484981,0.0000000000,4,3
PISR-NSGA-II,Airy,1,5,0.6175484981,0.0000000000,4,3
PISR-NSGA-II,Airy,1,5,0.6175484981,0.0000000000,4,3
PISR-NSGA-II,Airy,1,5,0.6175484981,0.0000000000,4,3
PISR-NSGA-II,Airy,1,5,0.6175484981,0.0000000000,4,3
PISR-NSGA-II,Airy,1,5,0.6175484981,0.0000000000,4,3
PISR-NSGA-II,Airy,1,5,0.0008142336,0.0000000000,5,3
PISR-NSGA-II,Airy,1,5,0.6247346032,0.0000000000,3,3
PISR-NSGA-II,Airy,1,5,0.6175484981,0.0000000000,4,3
PISR-NSGA-II,Airy,1,5,0.0000805873,0.0000000000,6,3
PISR-NSGA-II,Airy,1,5,0.6175484981,0.0000000000,4,3
PISR-NSGA-II,Airy,1,5,0.0000812328,0.0000000000,6,4
PISR-NSGA-II,Airy,1,5,0.0000812328,0.0000000000,6,4
PISR-NSGA-II,Airy,1,5,0.0000812328,0.0000000000,6,4
PISR-NSGA-II,Airy,1,5,0.6175484986,0.0000000000,4,4
PISR-NSGA-II,Airy,1,5,0.6175484986,0.0000000000,4,4
PISR-NSGA-II,Airy,1,5,0.0008220266,0.0000000000,5,4
PISR-NSGA-II,Airy,1,5,0.6306459050,0.0000000000,3,4
PISR-NSGA-II,Airy,1,5,0.0000836098,0.0000000000,6,5
PISR-NSGA-II,Airy,1,5,0.0000836098,0.0000000000,6,5
PISR-NSGA-II,Airy,1,5,0.0000836098,0.0000000000,6,5
PISR-NSGA-II,Airy,1,5,0.6175484987,0.0000000000,4,5
PISR-NSGA-II,Airy,1,5,0.6175484987,0.0000000000,4,5
PISR-NSGA-II,Airy,1,5,0.6175484987,0.0000000000,4,5
PISR-NSGA-II,Airy,1,5,0.6175484987,0.0000000000,4,5
PISR-NSGA-II,Airy,1,5,0.0008223728,0.0000000000,5,5
PISR-NSGA-II,Airy,1,5,0.6175484987,0.0000000000,4,5
PISR-NSGA-II,Airy,1,5,0.6175484987,0.0000000000,4,5
PISR-NSGA-II,Airy,1,5,0.6310431970,0.0000000000,3,5
PISR-NSGA-II,Airy,1,5,0.6175484987,0.0000000000,4,5
PISR-NSGA-II,Airy,1,5,0.6175484987,0.0000000000,4,5
PISR-NSGA-II,Airy,1,5,0.0000836098,0.0000000000,6,5
PISR-NSGA-II,Airy,1,5,0.6175484987,0.0000000000,4,5
PISR-NSGA-II,Airy,1,5,0.6175484989,0.0000000000,4,6
PISR-NSGA-II,Airy,1,5,0.6175484989,0.0000000000,4,6
PISR-NSGA-II,Airy,1,5,0.6175484989,0.0000000000,4,6
PISR-NSGA-II,Airy,1,5,0.6175484989,0.0000000000,4,6
PISR-NSGA-II,Airy,1,5,0.0008262548,0.0000000000,5,6
PISR-NSGA-II,Airy,1,5,0.0000965011,0.0000000000,6,6
PISR-NSGA-II,Airy,1,5,0.6311682108,0.0000000000,3,6
PISR-NSGA-II,Airy,1,5,0.0000972189,0.0000000000,6,7
PISR-NSGA-II,Airy,1,5,0.0000972189,0.0000000000,6,7
PISR-NSGA-II,Airy,1,5,0.0000972189,0.0000000000,6,7
PISR-NSGA-II,Airy,1,5,0.6175484989,0.0000000000,4,7
PISR-NSGA-II,Airy,1,5,0.6605386165,0.0000000000,3,7
PISR-NSGA-II,Airy,1,5,0.2026722298,0.0000000000,5,7
PISR-NSGA-II,Airy,1,5,0.0001074796,0.0000000000,6,8
PISR-NSGA-II,Airy,1,5,0.6175484990,0.0000000000,4,8
PISR-NSGA-II,Airy,1,5,0.6627105052,0.0000000000,3,8
PISR-NSGA-II,Airy,1,5,0.2499454390,0.0000000000,5,8
PISR-NSGA-II,Airy,1,5,0.6175484990,0.0000000000,4,8
PISR-NSGA-II,Airy,1,5,0.6175484990,0.0000000000,4,9
PISR-NSGA-II,Airy,1,5,0.0001205885,0.0000000000,6,9
PISR-NSGA-II,Airy,1,5,0.6627105063,0.0000000000,3,9
PISR-NSGA-II,Airy,1,5,0.6627105063,0.0000000000,3,9
PISR-NSGA-II,Airy,1,5,0.6627105063,0.0000000000,3,9
PISR-NSGA-II,Airy,1,5,0.6627105063,0.0000000000,3,9
PISR-NSGA-II,Airy,1,5,0.6627105063,0.0000000000,3,9
PISR-NSGA-II,Airy,1,5,0.6627105063,0.0000000000,3,9
PISR-NSGA-II,Airy,1,5,0.6627105063,0.0000000000,3,9
PISR-NSGA-II,Airy,1,5,0.6627105063,0.0000000000,3,9
PISR-NSGA-II,Airy,1,5,0.6627105063,0.0000000000,3,9
PISR-NSGA-II,Airy,1,5,0.6627105076,0.0000000000,3,10
PISR-NSGA-II,Airy,1,5,0.6175484990,0.0000000000,4,10
PISR-NSGA-II,Airy,1,5,0.6175484990,0.0000000000,4,10
PISR-NSGA-II,Airy,1,5,0.0002072252,0.0000000000,6,10
PISR-NSGA-II,Airy,1,5,0.6175484991,0.0000000000,4,11
PISR-NSGA-II,Airy,1,5,0.0002077170,0.0000000000,6,11
PISR-NSGA-II,Airy,1,5,0.0002077170,0.0000000000,6,11
PISR-NSGA-II,Airy,1,5,0.6627105077,0.0000000000,3,11
PISR-NSGA-II,Airy,1,5,0.6627105077,0.0000000000,3,11
PISR-NSGA-II,Airy,1,5,0.6627105077,0.0000000000,3,11
PISR-NSGA-II,Airy,1,5,0.0002077170,0.0000000000,6,11
PISR-NSGA-II,Airy,1,5,0.6175484991,0.0000000000,4,12
PISR-NSGA-II,Airy,1,5,0.6175484991,0.0000000000,4,12
PISR-NSGA-II,Airy,1,5,0.6175484991,0.0000000000,4,12
PISR-NSGA-II,Airy,1,5,0.0002129757,0.0000000000,6,12
PISR-NSGA-II,Airy,1,5,0.6627105077,0.0000000000,3,12
PISR-NSGA-II,Airy,1,5,0.6627105077,0.0000000000,3,12
PISR-NSGA-II,Airy,1,5,0.6627105077,0.0000000000,3,12
PISR-NSGA-II,Airy,1,5,0.6627105077,0.0000000000,3,12
PISR-NSGA-II,Airy,1,5,0.6627105077,0.0000000000,3,12
PISR-NSGA-II,Airy,1,5,0.6627105077,0.0000000000,3,12
PISR-NSGA-II,Airy,1,5,0.6627105077,0.0000000000,3,12
PISR-NSGA-II,Airy,1,5,0.6175484991,0.0000000000,4,13
PISR-NSGA-II,Airy,1,5,0.6175484991,0.0000000000,4,13
PISR-NSGA-II,Airy,1,5,0.0002205842,0.0000000000,6,13
PISR-NSGA-II,Airy,1,5,0.6627105078,0.0000000000,3,13
PISR-NSGA-II,Airy,1,5,0.6627105078,0.0000000000,3,13
PISR-NSGA-II,Airy,1,5,0.6175484991,0.0000000000,4,14
PISR-NSGA-II,Airy,1,5,0.6175484991,0.0000000000,4,14
PISR-NSGA-II,Airy,1,5,0.6175484991,0.0000000000,4,14
PISR-NSGA-II,Airy,1,5,0.6175484991,0.0000000000,4,14
PISR-NSGA-II,Airy,1,5,0.6175484991,0.0000000000,4,14
PISR-NSGA-II,Airy,1,5,0.6175484991,0.0000000000,4,14
PISR-NSGA-II,Airy,1,5,0.6175484991,0.0000000000,4,14
PISR-NSGA-II,Airy,1,5,0.6175484991,0.0000000000,4,14
PISR-NSGA-II,Airy,1,5,0.6175484991,0.0000000000,4,14
PISR-NSGA-II,Airy,1,5,0.6175484991,0.0000000000,4,14
PISR-NSGA-II,Airy,1,5,0.6175484991,0.0000000000,4,14
PISR-NSGA-II,Airy,1,5,0.6175484991,0.0000000000,4,14
PISR-NSGA-II,Airy,1,5,0.6175484991,0.0000000000,4,14
PISR-NSGA-II,Airy,1,5,0.6175484991,0.0000000000,4,14
PISR-NSGA-II,Airy,1,5,0.6175484991,0.0000000000,4,14
PISR-NSGA-II,Airy,1,5,0.6175484991,0.0000000000,4,14
PISR-NSGA-II,Airy,1,5,0.6175484991,0.0000000000,4,14
PISR-NSGA-II,Airy,1,5,0.6175484991,0.0000000000,4,14
PISR-NSGA-II,Airy,1,5,0.6175484991,0.0000000000,4,14
PISR-NSGA-II,Airy,1,5,0.6175484991,0.0000000000,4,14
PISR-NSGA-II,Airy,1,5,0.6175484991,0.0000000000,4,14
PISR-NSGA-II,Airy,1,5,0.6175484991,0.0000000000,4,14
PISR-NSGA-II,Airy,1,5,0.6175484991,0.0000000000,4,14
PISR-NSGA-II,Airy,1,5,0.6175484991,0.0000000000,4,14
PISR-NSGA-II,Airy,1,5,0.6175484991,0.0000000000,4,14
PISR-NSGA-II,Airy,1,5,0.6175484991,0.0000000000,4,14
PISR-NSGA-II,Airy,1,5,0.6627105084,0.0000000000,3,14
PISR-NSGA-II,Airy,1,5,0.6627105084,0.0000000000,3,14
PISR-NSGA-II,Airy,1,5,0.6627105084,0.0000000000,3,14
PISR-NSGA-II,Airy,1,5,0.6627105084,0.0000000000,3,14
PISR-NSGA-II,Airy,1,5,0.6627105084,0.0000000000,3,14
PISR-NSGA-II,Airy,1,5,0.0002848219,0.0000000000,6,14
PISR-NSGA-II,Airy,1,5,0.6627105084,0.0000000000,3,14
PISR-NSGA-II,Airy,1,5,0.6627105084,0.0000000000,3,14
PISR-NSGA-II,Airy,1,5,0.6627105084,0.0000000000,3,14
PISR-NSGA-II,Airy,1,5,0.6627105086,0.0000000000,3,15
PISR-NSGA-II,Airy,1,5,0.6627105086,0.0000000000,3,15
PISR-NSGA-II,Airy,1,5,0.0003156549,0.0000000000,6,15
PISR-NSGA-II,Airy,1,5,0.6175484992,0.0000000000,4,15
PISR-NSGA-II,Airy,1,5,0.6627105086,0.0000000000,3,15
PISR-NSGA-II,Airy,1,5,0.6627105086,0.0000000000,3,15
PISR-NSGA-II,Airy,1,5,0.6627105086,0.0000000000,3,15
PISR-NSGA-II,Airy,1,5,0.6627105086,0.0000000000,3,15
PISR-NSGA-II,Airy,1,5,0.6627105086,0.0000000000,3,15
PISR-NSGA-II,Airy,1,6,0.0008126663,0.0000000000,5,1
PISR-NSGA-II,Airy,1,6,0.0000271330,0.0000000000,14,1
PISR-NSGA-II,Airy,1,6,0.0000798758,0.0000000000,6,1
PISR-NSGA-II,Airy,1,6,0.0000798758,0.0000000000,6,1
PISR-NSGA-II,Airy,1,6,0.6156202746,0.0000000000,4,1
PISR-NSGA-II,Airy,1,6,0.6187245833,0.0000000000,3,1
PISR-NSGA-II,Airy,1,6,0.0008126664,0.0000000000,5,2
PISR-NSGA-II,Airy,1,6,0.0000807668,0.0000000000,6,2
PISR-NSGA-II,Airy,1,6,0.0000807668,0.0000000000,6,2
PISR-NSGA-II,Airy,1,6,0.0000807668,0.0000000000,6,2
PISR-NSGA-II,Airy,1,6,0.0000807668,0.0000000000,6,2
PISR-NSGA-II,Airy,1,6,0.0000807668,0.0000000000,6,2
PISR-NSGA-II,Airy,1,6,0.6190693502,0.0000000000,3,2
PISR-NSGA-II,Airy,1,6,0.6156206734,0.0000000000,4,2
PISR-NSGA-II,Airy,1,6,0.0000807668,0.0000000000,6,2
PISR-NSGA-II,Airy,1,6,0.6175484981,0.0000000000,4,3
PISR-NSGA-II,Airy,1,6,0.6175484981,0.0000000000,4,3
PISR-NSGA-II,Airy,1,6,0.6175484981,0.0000000000,4,3
PISR-NSGA-II,Airy,1,6,0.6175484981,0.0000000000,4,3
PISR-NSGA-II,Airy,1,6,0.6175484981,0.0000000000,4,3
PISR-NSGA-II,Airy,1,6,0.6175484981,0.0000000000,4,3
PISR-NSGA-II,Airy,1,6,0.6175484981,0.0000000000,4,3
PISR-NSGA-II,Airy,1,6,0.6175484981,0.0000000000,4,3
PISR-NSGA-II,Airy,1,6,0.6175484981,0.0000000000,4,3
PISR-NSGA-II,Airy,1,6,0.0008126703,0.0000000000,5,3
PISR-NSGA-II,Airy,1,6,0.6175484981,0.0000000000,4,3
PISR-NSGA-II,Airy,1,6,0.0000807714,0.0000000000,6,3
PISR-NSGA-II,Airy,1,6,0.6175484981,0.0000000000,4,3
PISR-NSGA-II,Airy,1,6,0.6231820654,0.0000000000,3,3
PISR-NSGA-II,Airy,1,6,0.6175484986,0.0000000000,4,4
PISR-NSGA-II,Airy,1,6,0.6175484986,0.0000000000,4,4
PISR-NSGA-II,Airy,1,6,0.0008126893,0.0000000000,5,4
PISR-NSGA-II,Airy,1,6,0.0000809121,0.0000000000,6,4
PISR-NSGA-II,Airy,1,6,0.6175484986,0.0000000000,4,4
PISR-NSGA-II,Airy,1,6,0.6255378069,0.0000000000,3,4
PISR-NSGA-II,Airy,1,6,0.6175484987,0.0000000000,4,5
PISR-NSGA-II,Airy,1,6,0.6175484987,0.0000000000,4,5
PISR-NSGA-II,Airy,1,6,0.6175484987,0.0000000000,4,5
PISR-NSGA-II,Airy,1,6,0.6175484987,0.0000000000,4,5
PISR-NSGA-II,Airy,1,6,0.0008126901,0.0000000000,5,5
PISR-NSGA-II,Airy,1,6,0.6175484987,0.0000000000,4,5
PISR-NSGA-II,Airy,1,6,0.6175484987,0.0000000000,4,5
PISR-NSGA-II,Airy,1,6,0.6175484987,0.0000000000,4,5
PISR-NSGA-II,Airy,1,6,0.6175484987,0.0000000000,4,5
PISR-NSGA-II,Airy,1,6,0.6175484987,0.0000000000,4,5
PISR-NSGA-II,Airy,1,6,0.0000809840,0.0000000000,6,5
PISR-NSGA-II,Airy,1,6,0.6311684062,0.0000000000,3,5
PISR-NSGA-II,Airy,1,6,0.6175484987,0.0000000000,4,5
PISR-NSGA-II,Airy,1,6,0.6175484987,0.0000000000,4,5
PISR-NSGA-II,Airy,1,6,0.0000809840,0.0000000000,6,5
PISR-NSGA-II,Airy,1,6,0.0000822287,0.0000000000,6,6
PISR-NSGA-II,Airy,1,6,0.0000822287,0.0000000000,6,6
PISR-NSGA-II,Airy,1,6,0.0000822287,0.0000000000,6,6
PISR-NSGA-II,Airy,1,6,0.6175484989,0.0000000000,4,6
PISR-NSGA-II,Airy,1,6,0.6175484989,0.0000000000,4,6
PISR-NSGA-II,Airy,1,6,0.6175484989,0.0000000000,4,6
PISR-NSGA-II,Airy,1,6,0.6175484989,0.0000000000,4,6
PISR-NSGA-II,Airy,1,6,0.0008126992,0.0000000000,5,6
PISR-NSGA-II,Airy,1,6,0.6175484989,0.0000000000,4,6
PISR-NSGA-II,Airy,1,6,0.6312302997,0.0000000000,3,6
PISR-NSGA-II,Airy,1,6,0.0000836311,0.0000000000,6,7
PISR-NSGA-II,Airy,1,6,0.0000836311,0.0000000000,6,7
PISR-NSGA-II,Airy,1,6,0.0000836311,0.0000000000,6,7
PISR-NSGA-II,Airy,1,6,0.0000836311,0.0000000000,6,7
PISR-NSGA-II,Airy,1,6,0.6175484989,0.0000000000,4,7
PISR-NSGA-II,Airy,1,6,0.0008161173,0.0000000000,5,7
PISR-NSGA-II,Airy,1,6,0.6175484989,0.0000000000,4,7
PISR-NSGA-II,Airy,1,6,0.6563243259,0.0000000000,3,7
PISR-NSGA-II,Airy,1,6,0.0008236970,0.0000000000,5,8
PISR-NSGA-II,Airy,1,6,0.6175484990,0.0000000000,4,8
PISR-NSGA-II,Airy,1,6,0.6627105052,0.0000000000,3,8
PISR-NSGA-II,Airy,1,6,0.6175484990,0.0000000000,4,8
PISR-NSGA-II,Airy,1,6,0.0000858218,0.0000000000,6,8
PISR-NSGA-II,Airy,1,6,0.6175484990,0.0000000000,4,8
PISR-NSGA-II,Airy,1,6,0.0000898001,0.0000000000,6,9
PISR-NSGA-II,Airy,1,6,0.0000898001,0.0000000000,6,9
PISR-NSGA-II,Airy,1,6,0.0000898001,0.0000000000,6,9
PISR-NSGA-II,Airy,1,6,0.6175484990,0.0000000000,4,9
PISR-NSGA-II,Airy,1,6,0.6627105063,0.0000000000,3,9
PISR-NSGA-II,Airy,1,6,0.6627105063,0.0000000000,3,9
PISR-NSGA-II,Airy,1,6,0.6627105063,0.0000000000,3,9
PISR-NSGA-II,Airy,1,6,0.6627105063,0.0000000000,3,9
PISR-NSGA-II,Airy,1,6,0.6627105063,0.0000000000,3,9
PISR-NSGA-II,Airy,1,6,0.6627105063,0.0000000000,3,9
PISR-NSGA-II,Airy,1,6,0.6627105063,0.0000000000,3,9
PISR-NSGA-II,Airy,1,6,0.6627105063,0.0000000000,3,9
PISR-NSGA-II,Airy,1,6,0.6627105063,0.0000000000,3,9
PISR-NSGA-II,Airy,1,6,0.6627105063,0.0000000000,3,9
PISR-NSGA-II,Airy,1,6,0.6627105063,0.0000000000,3,9
PISR-NSGA-II,Airy,1,6,0.0555306721,0.0000000000,5,9
PISR-NSGA-II,Airy,1,6,0.6627105063,0.0000000000,3,9
PISR-NSGA-II,Airy,1,6,0.0000898001,0.0000000000,6,9
PISR-NSGA-II,Airy,1,6,0.6627105063,0.0000000000,3,9
PISR-NSGA-II,Airy,1,6,0.0000938598,0.0000000000,6,10
PISR-NSGA-II,Airy,1,6,0.6627105076,0.0000000000,3,10
PISR-NSGA-II,Airy,1,6,0.6175484990,0.0000000000,4,10
PISR-NSGA-II,Airy,1,6,0.6175484990,0.0000000000,4,10
PISR-NSGA-II,Airy,1,6,0.1276542297,0.0000000000,5,10
PISR-NSGA-II,Airy,1,6,0.0001282421,0.0000000000,6,11
PISR-NSGA-II,Airy,1,6,0.6175484991,0.0000000000,4,11
PISR-NSGA-II,Airy,1,6,0.6627105077,0.0000000000,3,11
PISR-NSGA-II,Airy,1,6,0.6627105077,0.0000000000,3,11
PISR-NSGA-II,Airy,1,6,0.6627105077,0.0000000000,3,11
PISR-NSGA-II,Airy,1,6,0.6627105077,0.0000000000,3,11
PISR-NSGA-II,Airy,1,6,0.6627105077,0.0000000000,3,11
PISR-NSGA-II,Airy,1,6,0.6627105077,0.0000000000,3,11
PISR-NSGA-II,Airy,1,6,0.6627105077,0.0000000000,3,11
PISR-NSGA-II,Airy,1,6,0.0001284017,0.0000000000,6,12
PISR-NSGA-II,Airy,1,6,0.0001284017,0.0000000000,6,12
PISR-NSGA-II,Airy,1,6,0.0001284017,0.0000000000,6,12
PISR-NSGA-II,Airy,1,6,0.6175484991,0.0000000000,4,12
PISR-NSGA-II,Airy,1,6,0.6175484991,0.0000000000,4,12
PISR-NSGA-II,Airy,1,6,0.6175484991,0.0000000000,4,12
PISR-NSGA-II,Airy,1,6,0.6627105077,0.0000000000,3,12
PISR-NSGA-II,Airy,1,6,0.6627105077,0.0000000000,3,12
PISR-NSGA-II,Airy,1,6,0.6627105077,0.0000000000,3,12
PISR-NSGA-II,Airy,1,6,0.6627105077,0.0000000000,3,12
PISR-NSGA-II,Airy,1,6,0.6627105077,0.0000000000,3,12
PISR-NSGA-II,Airy,1,6,0.6627105077,0.0000000000,3,12
PISR-NSGA-II,Airy,1,6,0.6627105077,0.0000000000,3,12
PISR-NSGA-II,Airy,1,6,0.6175484991,0.0000000000,4,12
PISR-NSGA-II,Airy,1,6,0.0001301076,0.0000000000,6,13
PISR-NSGA-II,Airy,1,6,0.6175484991,0.0000000000,4,13
PISR-NSGA-II,Airy,1,6,0.6175484991,0.0000000000,4,13
PISR-NSGA-II,Airy,1,6,0.6627105078,0.0000000000,3,13
PISR-NSGA-II,Airy,1,6,0.6627105078,0.0000000000,3,13
PISR-NSGA-II,Airy,1,6,0.6627105084,0.0000000000,3,14
PISR-NSGA-II,Airy,1,6,0.0001325651,0.0000000000,6,14
PISR-NSGA-II,Airy,1,6,0.6175484991,0.0000000000,4,14
PISR-NSGA-II,Airy,1,6,0.6175484991,0.0000000000,4,14
PISR-NSGA-II,Airy,1,6,0.6627105084,0.0000000000,3,14
PISR-NSGA-II,Airy,1,6,0.6175484991,0.0000000000,4,14
PISR-NSGA-II,Airy,1,6,0.6175484991,0.0000000000,4,14
PISR-NSGA-II,Airy,1,6,0.6627105084,0.0000000000,3,14
PISR-NSGA-II,Airy,1,6,0.6627105084,0.0000000000,3,14
PISR-NSGA-II,Airy,1,6,0.6627105084,0.0000000000,3,14
PISR-NSGA-II,Airy,1,6,0.6627105084,0.0000000000,3,14
PISR-NSGA-II,Airy,1,6,0.6627105084,0.0000000000,3,14
PISR-NSGA-II,Airy,1,6,0.6627105084,0.0000000000,3,14
PISR-NSGA-II,Airy,1,6,0.6175484991,0.0000000000,4,14
PISR-NSGA-II,Airy,1,6,0.6175484991,0.0000000000,4,14
PISR-NSGA-II,Airy,1,6,0.6175484991,0.0000000000,4,14
PISR-NSGA-II,Airy,1,6,0.6175484991,0.0000000000,4,14
PISR-NSGA-II,Airy,1,6,0.6175484991,0.0000000000,4,14
PISR-NSGA-II,Airy,1,6,0.6175484991,0.0000000000,4,14
PISR-NSGA-II,Airy,1,6,0.6175484991,0.0000000000,4,14
PISR-NSGA-II,Airy,1,6,0.6175484991,0.0000000000,4,14
PISR-NSGA-II,Airy,1,6,0.6175484991,0.0000000000,4,14
PISR-NSGA-II,Airy,1,6,0.6175484991,0.0000000000,4,14
PISR-NSGA-II,Airy,1,6,0.6175484991,0.0000000000,4,14
PISR-NSGA-II,Airy,1,7,0.0000246511,0.0000000000,14,1
PISR-NSGA-II,Airy,1,7,0.0000793521,0.0000000000,6,1
PISR-NSGA-II,Airy,1,7,0.0000793521,0.0000000000,6,1
PISR-NSGA-II,Airy,1,7,0.0008106013,0.0000000000,5,1
PISR-NSGA-II,Airy,1,7,0.6186474144,0.0000000000,3,1
PISR-NSGA-II,Airy,1,7,0.6161471966,0.0000000000,4,1
PISR-NSGA-II,Airy,1,7,0.0008126663,0.0000000000,5,2
PISR-NSGA-II,Airy,1,7,0.0000794734,0.0000000000,6,2
PISR-NSGA-II,Airy,1,7,0.6167705225,0.0000000000,4,2
PISR-NSGA-II,Airy,1,7,0.0000794734,0.0000000000,6,2
PISR-NSGA-II,Airy,1,7,0.6213498228,0.0000000000,3,2
PISR-NSGA-II,Airy,1,7,0.0000811799,0.0000000000,6,3
PISR-NSGA-II,Airy,1,7,0.0000811799,0.0000000000,6,3
PISR-NSGA-II,Airy,1,7,0.0008126663,0.0000000000,5,3
PISR-NSGA-II,Airy,1,7,0.6175484981,0.0000000000,4,3
PISR-NSGA-II,Airy,1,7,0.6175484981,0.0000000000,4,3
PISR-NSGA-II,Airy,1,7,0.6175484981,0.0000000000,4,3
PISR-NSGA-II,Airy,1,7,0.6175484981,0.0000000000,4,3
PISR-NSGA-II,Airy,1,7,0.6175484981,0.0000000000,4,3
PISR-NSGA-II,Airy,1,7,0.6175484981,0.0000000000,4,3
PISR-NSGA-II,Airy,1,7,0.6175484981,0.0000000000,4,3
PISR-NSGA-II,Airy,1,7,0.6175484981,0.0000000000,4,3
PISR-NSGA-II,Airy,1,7,0.6175484981,0.0000000000,4,3
PISR-NSGA-II,Airy,1,7,0.6175484981,0.0000000000,4,3
PISR-NSGA-II,Airy,1,7,0.6175484981,0.0000000000,4,3
PISR-NSGA-II,Airy,1,7,0.0008126663,0.0000000000,5,3
PISR-NSGA-II,Airy,1,7,0.6221353358,0.0000000000,3,3
PISR-NSGA-II,Airy,1,7,0.0000811799,0.0000000000,6,3
PISR-NSGA-II,Airy,1,7,0.0008126663,0.0000000000,5,4
PISR-NSGA-II,Airy,1,7,0.0000819073,0.0000000000,6,4
PISR-NSGA-II,Airy,1,7,0.0000819073,0.0000000000,6,4
PISR-NSGA-II,Airy,1,7,0.0000819073,0.0000000000,6,4
PISR-NSGA-II,Airy,1,7,0.0000819073,0.0000000000,6,4
PISR-NSGA-II,Airy,1,7,0.0000819073,0.0000000000,6,4
PISR-NSGA-II,Airy,1,7,0.0000819073,0.0000000000,6,4
PISR-NSGA-II,Airy,1,7,0.6175484986,0.0000000000,4,4
PISR-NSGA-II,Airy,1,7,0.6175484986,0.0000000000,4,4
PISR-NSGA-II,Airy,1,7,0.6175484986,0.0000000000,4,4
PISR-NSGA-II,Airy,1,7,0.0000819073,0.0000000000,6,4
PISR-NSGA-II,Airy,1,7,0.6221539580,0.0000000000,3,4
PISR-NSGA-II,Airy,1,7,0.0008126664,0.0000000000,5,5
PISR-NSGA-II,Airy,1,7,0.0000819081,0.0000000000,6,5
PISR-NSGA-II,Airy,1,7,0.6175484987,0.0000000000,4,5
PISR-NSGA-II,Airy,1,7,0.6175484987,0.0000000000,4,5
PISR-NSGA-II,Airy,1,7,0.6175484987,0.0000000000,4,5
PISR-NSGA-II,Airy,1,7,0.6175484987,0.0000000000,4,5
PISR-NSGA-II,Airy,1,7,0.6175484987,0.0000000000,4,5
PISR-NSGA-II,Airy,1,7,0.6175484987,0.0000000000,4,5
PISR-NSGA-II,Airy,1,7,0.6175484987,0.0000000000,4,5
PISR-NSGA-II,Airy,1,7,0.6175484987,0.0000000000,4,5
PISR-NSGA-II,Airy,1,7,0.6175484987,0.0000000000,4,5
PISR-NSGA-II,Airy,1,7,0.6175484987,0.0000000000,4,5
PISR-NSGA-II,Airy,1,7,0.6175484987,0.0000000000,4,5
PISR-NSGA-II,Airy,1,7,0.6175484987,0.0000000000,4,5
PISR-NSGA-II,Airy,1,7,0.6175484987,0.0000000000,4,5
PISR-NSGA-II,Airy,1,7,0.6288562336,0.0000000000,3,5
PISR-NSGA-II,Airy,1,7,0.6175484988,0.0000000000,4,6
PISR-NSGA-II,Airy,1,7,0.0000819106,0.0000000000,6,6
PISR-NSGA-II,Airy,1,7,0.0008126664,0.0000000000,5,6
PISR-NSGA-II,Airy,1,7,0.6403680633,0.0000000000,3,6
PISR-NSGA-II,Airy,1,7,0.0000828514,0.0000000000,6,7
PISR-NSGA-II,Airy,1,7,0.0000828514,0.0000000000,6,7
PISR-NSGA-II,Airy,1,7,0.0000828514,0.0000000000,6,7
PISR-NSGA-II,Airy,1,7,0.6175484989,0.0000000000,4,7
PISR-NSGA-II,Airy,1,7,0.6175484989,0.0000000000,4,7
PISR-NSGA-II,Airy,1,7,0.6175484989,0.0000000000,4,7
PISR-NSGA-II,Airy,1,7,0.6175484989,0.0000000000,4,7
PISR-NSGA-II,Airy,1,7,0.0008126664,0.0000000000,5,7
PISR-NSGA-II,Airy,1,7,0.6175484989,0.0000000000,4,7
PISR-NSGA-II,Airy,1,7,0.6506762293,0.0000000000,3,7
PISR-NSGA-II,Airy,1,7,0.0000836425,0.0000000000,6,8
PISR-NSGA-II,Airy,1,7,0.0000836425,0.0000000000,6,8
PISR-NSGA-II,Airy,1,7,0.0000836425,0.0000000000,6,8
PISR-NSGA-II,Airy,1,7,0.0000836425,0.0000000000,6,8
PISR-NSGA-II,Airy,1,7,0.6175484989,0.0000000000,4,8
PISR-NSGA-II,Airy,1,7,0.0008126750,0.0000000000,5,8
PISR-NSGA-II,Airy,1,7,0.6175484989,0.0000000000,4,8
PISR-NSGA-II,Airy,1,7,0.6540598881,0.0000000000,3,8
PISR-NSGA-II,Airy,1,7,0.0008126933,0.0000000000,5,9
PISR-NSGA-II,Airy,1,7,0.6175484990,0.0000000000,4,9
PISR-NSGA-II,Airy,1,7,0.6175484990,0.0000000000,4,9
PISR-NSGA-II,Airy,1,7,0.6175484990,0.0000000000,4,9
PISR-NSGA-II,Airy,1,7,0.0000866318,0.0000000000,6,9
PISR-NSGA-II,Airy,1,7,0.0000866318,0.0000000000,6,9
PISR-NSGA-II,Airy,1,7,0.0000866318,0.0000000000,6,9
PISR-NSGA-II,Airy,1,7,0.0000866318,0.0000000000,6,9
PISR-NSGA-II,Airy,1,7,0.6614758215,0.0000000000,3,9
PISR-NSGA-II,Airy,1,7,0.6627105026,0.0000000000,3,10
PISR-NSGA-II,Airy,1,7,0.6175484990,0.0000000000,4,10
PISR-NSGA-II,Airy,1,7,0.0008192864,0.0000000000,5,10
PISR-NSGA-II,Airy,1,7,0.0000884000,0.0000000000,6,10
PISR-NSGA-II,Airy,1,7,0.6627105052,0.0000000000,3,11
PISR-NSGA-II,Airy,1,7,0.6175484990,0.0000000000,4,11
PISR-NSGA-II,Airy,1,7,0.6175484990,0.0000000000,4,11
PISR-NSGA-II,Airy,1,7,0.0001015319,0.0000000000,6,11
PISR-NSGA-II,Airy,1,7,0.6627105052,0.0000000000,3,11
PISR-NSGA-II,Airy,1,7,0.6627105052,0.0000000000,3,11
PISR-NSGA-II,Airy,1,7,0.0588548495,0.0000000000,5,11
PISR-NSGA-II,Airy,1,7,0.6627105063,0.0000000000,3,12
PISR-NSGA-II,Airy,1,7,0.6627105063,0.0000000000,3,12
PISR-NSGA-II,Airy,1,7,0.6627105063,0.0000000000,3,12
PISR-NSGA-II,Airy,1,7,0.6627105063,0.0000000000,3,12
PISR-NSGA-II,Airy,1,7,0.6627105063,0.0000000000,3,12
PISR-NSGA-II,Airy,1,7,0.6627105063,0.0000000000,3,12
PISR-NSGA-II,Airy,1,7,0.6627105063,0.0000000000,3,12
PISR-NSGA-II,Airy,1,7,0.6627105063,0.0000000000,3,12
PISR-NSGA-II,Airy,1,7,0.6627105063,0.0000000000,3,12
PISR-NSGA-II,Airy,1,7,0.6627105063,0.0000000000,3,12
PISR-NSGA-II,Airy,1,7,0.6627105063,0.0000000000,3,12
PISR-NSGA-II,Airy,1,7,0.6627105063,0.0000000000,3,12
PISR-NSGA-II,Airy,1,7,0.6627105063,0.0000000000,3,12
PISR-NSGA-II,Airy,1,7,0.6175484991,0.0000000000,4,12
PISR-NSGA-II,Airy,1,7,0.0001015891,0.0000000000,6,12
PISR-NSGA-II,Airy,1,7,0.0001015891,0.0000000000,6,12
PISR-NSGA-II,Airy,1,7,0.0001015891,0.0000000000,6,12
PISR-NSGA-II,Airy,1,7,0.6627105063,0.0000000000,3,12
PISR-NSGA-II,Airy,1,7,0.0713002822,0.0000000000,5,12
PISR-NSGA-II,Airy,1,7,0.6627105063,0.0000000000,3,12
PISR-NSGA-II,Airy,1,7,0.6627105076,0.0000000000,3,13
PISR-NSGA-II,Airy,1,7,0.6175484991,0.0000000000,4,13
PISR-NSGA-II,Airy,1,7,0.6175484991,0.0000000000,4,13
PISR-NSGA-II,Airy,1,7,0.6175484991,0.0000000000,4,13
PISR-NSGA-II,Airy,1,7,0.6175484991,0.0000000000,4,13
PISR-NSGA-II,Airy,1,7,0.0001021990,0.0000000000,6,13
PISR-NSGA-II,Airy,1,7,0.1038687156,0.0000000000,5,13
PISR-NSGA-II,Airy,1,7,0.6627105077,0.0000000000,3,14
PISR-NSGA-II,Airy,1,7,0.6627105077,0.0000000000,3,14
PISR-NSGA-II,Airy,1,7,0.6627105077,0.0000000000,3,14
PISR-NSGA-II,Airy,1,7,0.6627105077,0.0000000000,3,14
PISR-NSGA-II,Airy,1,7,0.6627105077,0.0000000000,3,14
PISR-NSGA-II,Airy,1,7,0.6627105077,0.0000000000,3,14
PISR-NSGA-II,Airy,1,7,0.6627105077,0.0000000000,3,14
PISR-NSGA-II,Airy,1,7,0.6175484991,0.0000000000,4,14
PISR-NSGA-II,Airy,1,7,0.6175484991,0.0000000000,4,14
PISR-NSGA-II,Airy,1,7,0.0001030736,0.0000000000,6,14
PISR-NSGA-II,Airy,1,7,0.6627105077,0.0000000000,3,14
PISR-NSGA-II,Airy,1,7,0.6627105077,0.0000000000,3,15
PISR-NSGA-II,Airy,1,7,0.0030630142,0.0000000000,6,15
PISR-NSGA-II,Airy,1,7,0.6175484991,0.0000000000,4,15
PISR-NSGA-II,Airy,1,7,0.6175484991,0.0000000000,4,15
PISR-NSGA-II,Airy,1,7,0.6627105077,0.0000000000,3,15
PISR-NSGA-II,Airy,1,7,0.6627105077,0.0000000000,3,15
PISR-NSGA-II,Airy,1,7,0.6627105077,0.0000000000,3,15
PISR-NSGA-II,Airy,1,7,0.6627105077,0.0000000000,3,15
PISR-NSGA-II,Airy,1,7,0.6627105077,0.0000000000,3,15
PISR-NSGA-II,Airy,1,7,0.6627105077,0.0000000000,3,15
PISR-NSGA-II,Airy,1,7,0.6175484991,0.0000000000,4,15
PISR-NSGA-II,Airy,1,7,0.6175484991,0.0000000000,4,15
PISR-NSGA-II,Airy,1,7,0.6175484991,0.0000000000,4,15
PISR-NSGA-II,Airy,1,7,0.6175484991,0.0000000000,4,15
PISR-NSGA-II,Airy,1,8,0.0000218688,0.0000000000,14,1
PISR-NSGA-II,Airy,1,8,0.0008103115,0.0000000000,5,1
PISR-NSGA-II,Airy,1,8,0.0000825646,0.0000000000,6,1
PISR-NSGA-II,Airy,1,8,0.0000825646,0.0000000000,6,1
PISR-NSGA-II,Airy,1,8,0.5384736252,0.0000000000,4,1
PISR-NSGA-II,Airy,1,8,0.5384736252,0.0000000000,4,1
PISR-NSGA-II,Airy,1,8,0.5384736252,0.0000000000,4,1
PISR-NSGA-II,Airy,1,8,0.5384736252,0.0000000000,4,1
PISR-NSGA-II,Airy,1,8,0.5384736252,0.0000000000,4,1
PISR-NSGA-II,Airy,1,8,0.5384736252,0.0000000000,4,1
PISR-NSGA-II,Airy,1,8,0.5384736252,0.0000000000,4,1
PISR-NSGA-II,Airy,1,8,0.5384736252,0.0000000000,4,1
PISR-NSGA-II,Airy,1,8,0.5384736252,0.0000000000,4,1
PISR-NSGA-II,Airy,1,8,0.5384736252,0.0000000000,4,1
PISR-NSGA-II,Airy,1,8,0.5384736252,0.0000000000,4,1
PISR-NSGA-II,Airy,1,8,0.5384736252,0.0000000000,4,1
PISR-NSGA-II,Airy,1,8,0.5681302732,0.0000000000,3,1
PISR-NSGA-II,Airy,1,8,0.0000828024,0.0000000000,6,2
PISR-NSGA-II,Airy,1,8,0.0000828024,0.0000000000,6,2
PISR-NSGA-II,Airy,1,8,0.0008103140,0.0000000000,5,2
PISR-NSGA-II,Airy,1,8,0.5384736252,0.0000000000,4,2
PISR-NSGA-II,Airy,1,8,0.5384736252,0.0000000000,4,2
PISR-NSGA-II,Airy,1,8,0.5384736252,0.0000000000,4,2
PISR-NSGA-II,Airy,1,8,0.0000828024,0.0000000000,6,2
PISR-NSGA-II,Airy,1,8,0.5702532218,0.0000000000,3,2
PISR-NSGA-II,Airy,1,8,0.5384736252,0.0000000000,4,2
PISR-NSGA-II,Airy,1,8,0.0000828024,0.0000000000,6,2
PISR-NSGA-II,Airy,1,8,0.0000837767,0.0000000000,6,3
PISR-NSGA-II,Airy,1,8,0.0000837767,0.0000000000,6,3
PISR-NSGA-II,Airy,1,8,0.0000837767,0.0000000000,6,3
PISR-NSGA-II,Airy,1,8,0.5384736253,0.0000000000,4,3
PISR-NSGA-II,Airy,1,8,0.5384736253,0.0000000000,4,3
PISR-NSGA-II,Airy,1,8,0.5384736253,0.0000000000,4,3
PISR-NSGA-II,Airy,1,8,0.5384736253,0.0000000000,4,3
PISR-NSGA-II,Airy,1,8,0.5384736253,0.0000000000,4,3
PISR-NSGA-II,Airy,1,8,0.5384736253,0.0000000000,4,3
PISR-NSGA-II,Airy,1,8,0.5384736253,0.0000000000,4,3
PISR-NSGA-II,Airy,1,8,0.5384736253,0.0000000000,4,3
PISR-NSGA-II,Airy,1,8,0.5384736253,0.0000000000,4,3
PISR-NSGA-II,Airy,1,8,0.5384736253,0.0000000000,4,3
PISR-NSGA-II,Airy,1,8,0.5384736253,0.0000000000,4,3
PISR-NSGA-II,Airy,1,8,0.5384736253,0.0000000000,4,3
PISR-NSGA-II,Airy,1,8,0.5384736253,0.0000000000,4,3
PISR-NSGA-II,Airy,1,8,0.0008103140,0.0000000000,5,3
PISR-NSGA-II,Airy,1,8,0.0000837767,0.0000000000,6,3
PISR-NSGA-II,Airy,1,8,0.5722008684,0.0000000000,3,3
PISR-NSGA-II,Airy,1,8,0.5384736253,0.0000000000,4,3
PISR-NSGA-II,Airy,1,8,0.0008103140,0.0000000000,5,4
PISR-NSGA-II,Airy,1,8,0.0008103140,0.0000000000,5,4
PISR-NSGA-II,Airy,1,8,0.0000840825,0.0000000000,6,4
PISR-NSGA-II,Airy,1,8,0.0000840825,0.0000000000,6,4
PISR-NSGA-II,Airy,1,8,0.0000840825,0.0000000000,6,4
PISR-NSGA-II,Airy,1,8,0.0000840825,0.0000000000,6,4
PISR-NSGA-II,Airy,1,8,0.0000840825,0.0000000000,6,4
PISR-NSGA-II,Airy,1,8,0.0000840825,0.0000000000,6,4
PISR-NSGA-II,Airy,1,8,0.0000840825,0.0000000000,6,4
PISR-NSGA-II,Airy,1,8,0.5384736253,0.0000000000,4,4
PISR-NSGA-II,Airy,1,8,0.5727964749,0.0000000000,3,4
PISR-NSGA-II,Airy,1,8,0.5727964749,0.0000000000,3,4
PISR-NSGA-II,Airy,1,8,0.0008103140,0.0000000000,5,5
PISR-NSGA-II,Airy,1,8,0.0000840828,0.0000000000,6,5
PISR-NSGA-II,Airy,1,8,0.5384736253,0.0000000000,4,5
PISR-NSGA-II,Airy,1,8,0.5384736253,0.0000000000,4,5
PISR-NSGA-II,Airy,1,8,0.5384736253,0.0000000000,4,5
PISR-NSGA-II,Airy,1,8,0.5384736253,0.0000000000,4,5
PISR-NSGA-II,Airy,1,8,0.5384736253,0.0000000000,4,5
PISR-NSGA-II,Airy,1,8,0.5727964759,0.0000000000,3,5
PISR-NSGA-II,Airy,1,8,0.5727964759,0.0000000000,3,5
PISR-NSGA-II,Airy,1,8,0.5727964759,0.0000000000,3,5
PISR-NSGA-II,Airy,1,8,0.5727964759,0.0000000000,3,5
PISR-NSGA-II,Airy,1,8,0.5727964759,0.0000000000,3,5
PISR-NSGA-II,Airy,1,8,0.5384736253,0.0000000000,4,5
PISR-NSGA-II,Airy,1,8,0.5727964759,0.0000000000,3,5
PISR-NSGA-II,Airy,1,8,0.0008103140,0.0000000000,5,6
PISR-NSGA-II,Airy,1,8,0.0000840839,0.0000000000,6,6
PISR-NSGA-II,Airy,1,8,0.5384736253,0.0000000000,4,6
PISR-NSGA-II,Airy,1,8,0.5384736253,0.0000000000,4,6
PISR-NSGA-II,Airy,1,8,0.5727964763,0.0000000000,3,6
PISR-NSGA-II,Airy,1,8,0.5727964763,0.0000000000,3,6
PISR-NSGA-II,Airy,1,8,0.5727964763,0.0000000000,3,6
PISR-NSGA-II,Airy,1,8,0.5727964763,0.0000000000,3,6
PISR-NSGA-II,Airy,1,8,0.5727964763,0.0000000000,3,6
PISR-NSGA-II,Airy,1,8,0.5727964763,0.0000000000,3,6
PISR-NSGA-II,Airy,1,8,0.5727964763,0.0000000000,3,6
PISR-NSGA-II,Airy,1,8,0.5727964763,0.0000000000,3,6
PISR-NSGA-II,Airy,1,8,0.5727964763,0.0000000000,3,6
PISR-NSGA-II,Airy,1,8,0.5727964763,0.0000000000,3,6
PISR-NSGA-II,Airy,1,8,0.5727964763,0.0000000000,3,6
PISR-NSGA-II,Airy,1,8,0.5727964763,0.0000000000,3,6
PISR-NSGA-II,Airy,1,8,0.5727964763,0.0000000000,3,6
PISR-NSGA-II,Airy,1,8,0.5727964763,0.0000000000,3,6
PISR-NSGA-II,Airy,1,8,0.5727964763,0.0000000000,3,6
PISR-NSGA-II,Airy,1,8,0.5727964763,0.0000000000,3,6
PISR-NSGA-II,Airy,1,8,0.5727964763,0.0000000000,3,6
PISR-NSGA-II,Airy,1,8,0.0000844607,0.0000000000,6,7
PISR-NSGA-II,Airy,1,8,0.0000844607,0.0000000000,6,7
PISR-NSGA-II,Airy,1,8,0.0000844607,0.0000000000,6,7
PISR-NSGA-II,Airy,1,8,0.0008103140,0.0000000000,5,7
PISR-NSGA-II,Airy,1,8,0.5384736253,0.0000000000,4,7
PISR-NSGA-II,Airy,1,8,0.5384736253,0.0000000000,4,7
PISR-NSGA-II,Airy,1,8,0.5384736253,0.0000000000,4,7
PISR-NSGA-II,Airy,1,8,0.5727964768,0.0000000000,3,7
PISR-NSGA-II,Airy,1,8,0.5727964768,0.0000000000,3,7
PISR-NSGA-II,Airy,1,8,0.0000844607,0.0000000000,6,7
PISR-NSGA-II,Airy,1,8,0.0008103140,0.0000000000,5,8
PISR-NSGA-II,Airy,1,8,0.0000847667,0.0000000000,6,8
PISR-NSGA-II,Airy,1,8,0.0000847667,0.0000000000,6,8
PISR-NSGA-II,Airy,1,8,0.0000847667,0.0000000000,6,8
PISR-NSGA-II,Airy,1,8,0.0000847667,0.0000000000,6,8
PISR-NSGA-II,Airy,1,8,0.5384736253,0.0000000000,4,8
PISR-NSGA-II,Airy,1,8,0.5727964768,0.0000000000,3,8
PISR-NSGA-II,Airy,1,8,0.5727964768,0.0000000000,3,8
PISR-NSGA-II,Airy,1,8,0.5727964768,0.0000000000,3,8
PISR-NSGA-II,Airy,1,8,0.5727964768,0.0000000000,3,8
PISR-NSGA-II,Airy,1,8,0.5727964768,0.0000000000,3,8
PISR-NSGA-II,Airy,1,8,0.5727964768,0.0000000000,3,8
PISR-NSGA-II,Airy,1,8,0.5727964768,0.0000000000,3,8
PISR-NSGA-II,Airy,1,8,0.5727964768,0.0000000000,3,8
PISR-NSGA-II,Airy,1,8,0.0008103140,0.0000000000,5,9
PISR-NSGA-II,Airy,1,8,0.0000858698,0.0000000000,6,9
PISR-NSGA-II,Airy,1,8,0.0000858698,0.0000000000,6,9
PISR-NSGA-II,Airy,1,8,0.0000858698,0.0000000000,6,9
PISR-NSGA-II,Airy,1,8,0.0000858698,0.0000000000,6,9
PISR-NSGA-II,Airy,1,8,0.5384736253,0.0000000000,4,9
PISR-NSGA-II,Airy,1,8,0.5384736253,0.0000000000,4,9
PISR-NSGA-II,Airy,1,8,0.5727964769,0.0000000000,3,9
PISR-NSGA-II,Airy,1,8,0.5727964769,0.0000000000,3,9
PISR-NSGA-II,Airy,1,8,0.5727964769,0.0000000000,3,9
PISR-NSGA-II,Airy,1,8,0.5727964769,0.0000000000,3,9
PISR-NSGA-II,Airy,1,8,0.5727964769,0.0000000000,3,9
PISR-NSGA-II,Airy,1,8,0.5727964769,0.0000000000,3,9
PISR-NSGA-II,Airy,1,8,0.5727964769,0.0000000000,3,9
PISR-NSGA-II,Airy,1,8,0.5727964771,0.0000000000,3,10
PISR-NSGA-II,Airy,1,8,0.0008103215,0.0000000000,5,10
PISR-NSGA-II,Airy,1,8,0.0000864972,0.0000000000,6,10
PISR-NSGA-II,Airy,1,8,0.5384736253,0.0000000000,4,10
PISR-NSGA-II,Airy,1,8,0.5727964782,0.0000000000,3,11
PISR-NSGA-II,Airy,1,8,0.0000909007,0.0000000000,6,11
PISR-NSGA-II,Airy,1,8,0.0008111591,0.0000000000,5,11
PISR-NSGA-II,Airy,1,8,0.5384736253,0.0000000000,4,11
PISR-NSGA-II,Airy,1,8,0.5384736253,0.0000000000,4,11
PISR-NSGA-II,Airy,1,8,0.5384736253,0.0000000000,4,11
PISR-NSGA-II,Airy,1,8,0.5384736253,0.0000000000,4,11
PISR-NSGA-II,Airy,1,8,0.5727964789,0.0000000000,3,12
PISR-NSGA-II,Airy,1,8,0.0000909192,0.0000000000,6,12
PISR-NSGA-II,Airy,1,8,0.0000909192,0.0000000000,6,12
PISR-NSGA-II,Airy,1,8,0.0000909192,0.0000000000,6,12
PISR-NSGA-II,Airy,1,8,0.0008149854,0.0000000000,5,12
PISR-NSGA-II,Airy,1,8,0.5384736253,0.0000000000,4,12
PISR-NSGA-II,Airy,1,8,0.5384736253,0.0000000000,4,12
PISR-NSGA-II,Airy,1,9,0.0000211669,0.0000000000,14,1
PISR-NSGA-II,Airy,1,9,0.0008103140,0.0000000000,5,1
PISR-NSGA-II,Airy,1,9,0.0000831255,0.0000000000,6,1
PISR-NSGA-II,Airy,1,9,0.0000831255,0.0000000000,6,1
PISR-NSGA-II,Airy,1,9,0.5675171959,0.0000000000,3,1
PISR-NSGA-II,Airy,1,9,0.5384208032,0.0000000000,4,1
PISR-NSGA-II,Airy,1,9,0.5384736252,0.0000000000,4,2
PISR-NSGA-II,Airy,1,9,0.5384736252,0.0000000000,4,2
PISR-NSGA-II,Airy,1,9,0.5384736252,0.0000000000,4,2
PISR-NSGA-II,Airy,1,9,0.5384736252,0.0000000000,4,2
PISR-NSGA-II,Airy,1,9,0.5384736252,0.0000000000,4,2
PISR-NSGA-II,Airy,1,9,0.5384736252,0.0000000000,4,2
PISR-NSGA-II,Airy,1,9,0.5384736252,0.0000000000,4,2
PISR-NSGA-II,Airy,1,9,0.5384736252,0.0000000000,4,2
PISR-NSGA-II,Airy,1,9,0.5384736252,0.0000000000,4,2
PISR-NSGA-II,Airy,1,9,0.5384736252,0.0000000000,4,2
PISR-NSGA-II,Airy,1,9,0.5384736252,0.0000000000,4,2
PISR-NSGA-II,Airy,1,9,0.5384736252,0.0000000000,4,2
PISR-NSGA-II,Airy,1,9,0.0000834681,0.0000000000,6,2
PISR-NSGA-II,Airy,1,9,0.0000834681,0.0000000000,6,2
PISR-NSGA-II,Airy,1,9,0.0000834681,0.0000000000,6,2
PISR-NSGA-II,Airy,1,9,0.0000834681,0.0000000000,6,2
PISR-NSGA-II,Airy,1,9,0.0008103140,0.0000000000,5,2
PISR-NSGA-II,Airy,1,9,0.5384736252,0.0000000000,4,2
PISR-NSGA-II,Airy,1,9,0.5721405243,0.0000000000,3,2
PISR-NSGA-II,Airy,1,9,0.0008103140,0.0000000000,5,3
PISR-NSGA-II,Airy,1,9,0.5384736252,0.0000000000,4,3
PISR-NSGA-II,Airy,1,9,0.5384736252,0.0000000000,4,3
PISR-NSGA-II,Airy,1,9,0.5384736252,0.0000000000,4,3
PISR-NSGA-II,Airy,1,9,0.5384736252,0.0000000000,4,3
PISR-NSGA-II,Airy,1,9,0.0000841990,0.0000000000,6,3
PISR-NSGA-II,Airy,1,9,0.0000841990,0.0000000000,6,3
PISR-NSGA-II,Airy,1,9,0.0000841990,0.0000000000,6,3
PISR-NSGA-II,Airy,1,9,0.0000841990,0.0000000000,6,3
PISR-NSGA-II,Airy,1,9,0.5727964749,0.0000000000,3,3
PISR-NSGA-II,Airy,1,9,0.5727964749,0.0000000000,3,3
PISR-NSGA-II,Airy,1,9,0.5384736253,0.0000000000,4,4
PISR-NSGA-II,Airy,1,9,0.5384736253,0.0000000000,4,4
PISR-NSGA-II,Airy,1,9,0.5384736253,0.0000000000,4,4
PISR-NSGA-II,Airy,1,9,0.5384736253,0.0000000000,4,4
PISR-NSGA-II,Airy,1,9,0.5384736253,0.0000000000,4,4
PISR-NSGA-II,Airy,1,9,0.5384736253,0.0000000000,4,4
PISR-NSGA-II,Airy,1,9,0.5384736253,0.0000000000,4,4
PISR-NSGA-II,Airy,1,9,0.5384736253,0.0000000000,4,4
PISR-NSGA-II,Airy,1,9,0.5384736253,0.0000000000,4,4
PISR-NSGA-II,Airy,1,9,0.5384736253,0.0000000000,4,4
PISR-NSGA-II,Airy,1,9,0.5384736253,0.0000000000,4,4
PISR-NSGA-II,Airy,1,9,0.5384736253,0.0000000000,4,4
PISR-NSGA-II,Airy,1,9,0.5384736253,0.0000000000,4,4
PISR-NSGA-II,Airy,1,9,0.0008103140,0.0000000000,5,4
PISR-NSGA-II,Airy,1,9,0.5384736253,0.0000000000,4,4
PISR-NSGA-II,Airy,1,9,0.0000843844,0.0000000000,6,4
PISR-NSGA-II,Airy,1,9,0.0000843844,0.0000000000,6,4
PISR-NSGA-II,Airy,1,9,0.0000843844,0.0000000000,6,4
PISR-NSGA-II,Airy,1,9,0.0000843844,0.0000000000,6,4
PISR-NSGA-II,Airy,1,9,0.0000843844,0.0000000000,6,4
PISR-NSGA-II,Airy,1,9,0.0000843844,0.0000000000,6,4
PISR-NSGA-II,Airy,1,9,0.0000843844,0.0000000000,6,4
PISR-NSGA-II,Airy,1,9,0.5727964759,0.0000000000,3,4
PISR-NSGA-II,Airy,1,9,0.5727964759,0.0000000000,3,4
PISR-NSGA-II,Airy,1,9,0.5727964759,0.0000000000,3,4
PISR-NSGA-II,Airy,1,9,0.5727964759,0.0000000000,3,4
PISR-NSGA-II,Airy,1,9,0.5727964759,0.0000000000,3,4
PISR-NSGA-II,Airy,1,9,0.5727964759,0.0000000000,3,4
PISR-NSGA-II,Airy,1,9,0.5384736253,0.0000000000,4,4
PISR-NSGA-II,Airy,1,9,0.0000843844,0.0000000000,6,4
PISR-NSGA-II,Airy,1,9,0.5384736253,0.0000000000,4,4
PISR-NSGA-II,Airy,1,9,0.5384736253,0.0000000000,4,4
PISR-NSGA-II,Airy,1,9,0.5727964759,0.0000000000,3,4
PISR-NSGA-II,Airy,1,9,0.5384736253,0.0000000000,4,5
PISR-NSGA-II,Airy,1,9,0.0000843846,0.0000000000,6,5
PISR-NSGA-II,Airy,1,9,0.5727964763,0.0000000000,3,5
PISR-NSGA-II,Airy,1,9,0.5727964763,0.0000000000,3,5
PISR-NSGA-II,Airy,1,9,0.5727964763,0.0000000000,3,5
PISR-NSGA-II,Airy,1,9,0.5727964763,0.0000000000,3,5
PISR-NSGA-II,Airy,1,9,0.5727964763,0.0000000000,3,5
PISR-NSGA-II,Airy,1,9,0.5727964763,0.0000000000,3,5
PISR-NSGA-II,Airy,1,9,0.5727964763,0.0000000000,3,5
PISR-NSGA-II,Airy,1,9,0.5727964763,0.0000000000,3,5
PISR-NSGA-II,Airy,1,9,0.5727964763,0.0000000000,3,5
PISR-NSGA-II,Airy,1,9,0.5727964763,0.0000000000,3,5
PISR-NSGA-II,Airy,1,9,0.5727964763,0.0000000000,3,5
PISR-NSGA-II,Airy,1,9,0.5727964763,0.0000000000,3,5
PISR-NSGA-II,Airy,1,9,0.5727964763,0.0000000000,3,5
PISR-NSGA-II,Airy,1,9,0.5727964763,0.0000000000,3,5
PISR-NSGA-II,Airy,1,9,0.5727964763,0.0000000000,3,5
PISR-NSGA-II,Airy,1,9,0.5727964763,0.0000000000,3,5
PISR-NSGA-II,Airy,1,9,0.5727964763,0.0000000000,3,5
PISR-NSGA-II,Airy,1,9,0.0008103140,0.0000000000,5,5
PISR-NSGA-II,Airy,1,9,0.5727964763,0.0000000000,3,5
PISR-NSGA-II,Airy,1,9,0.5727964763,0.0000000000,3,5
PISR-NSGA-II,Airy,1,9,0.5727964763,0.0000000000,3,5
PISR-NSGA-II,Airy,1,9,0.5727964763,0.0000000000,3,5
PISR-NSGA-II,Airy,1,9,0.5727964763,0.0000000000,3,5
PISR-NSGA-II,Airy,1,9,0.0008103140,0.0000000000,5,6
PISR-NSGA-II,Airy,1,9,0.0008103140,0.0000000000,5,6
PISR-NSGA-II,Airy,1,9,0.5384736253,0.0000000000,4,6
PISR-NSGA-II,Airy,1,9,0.5384736253,0.0000000000,4,6
PISR-NSGA-II,Airy,1,9,0.5384736253,0.0000000000,4,6
PISR-NSGA-II,Airy,1,9,0.5384736253,0.0000000000,4,6
PISR-NSGA-II,Airy,1,9,0.5384736253,0.0000000000,4,6
PISR-NSGA-II,Airy,1,9,0.5384736253,0.0000000000,4,6
PISR-NSGA-II,Airy,1,9,0.0000843852,0.0000000000,6,6
PISR-NSGA-II,Airy,1,9,0.5727964768,0.0000000000,3,6
PISR-NSGA-II,Airy,1,9,0.5727964768,0.0000000000,3,6
PISR-NSGA-II,Airy,1,9,0.0008103140,0.0000000000,5,7
PISR-NSGA-II,Airy,1,9,0.5384736253,0.0000000000,4,7
PISR-NSGA-II,Airy,1,9,0.5384736253,0.0000000000,4,7
PISR-NSGA-II,Airy,1,9,0.0000846012,0.0000000000,6,7
PISR-NSGA-II,Airy,1,9,0.0000846012,0.0000000000,6,7
PISR-NSGA-II,Airy,1,9,0.0000846012,0.0000000000,6,7
PISR-NSGA-II,Airy,1,9,0.0000846012,0.0000000000,6,7
PISR-NSGA-II,Airy,1,9,0.5727964768,0.0000000000,3,7
PISR-NSGA-II,Airy,1,9,0.5727964768,0.0000000000,3,7
PISR-NSGA-II,Airy,1,9,0.5727964768,0.0000000000,3,7
PISR-NSGA-II,Airy,1,9,0.5727964768,0.0000000000,3,7
PISR-NSGA-II,Airy,1,9,0.5727964768,0.0000000000,3,7
PISR-NSGA-II,Airy,1,9,0.5727964768,0.0000000000,3,7
PISR-NSGA-II,Airy,1,9,0.5727964768,0.0000000000,3,7
PISR-NSGA-II,Airy,1,9,0.5727964768,0.0000000000,3,7
PISR-NSGA-II,Airy,1,9,0.0008103140,0.0000000000,5,8
PISR-NSGA-II,Airy,1,9,0.5384736253,0.0000000000,4,8
PISR-NSGA-II,Airy,1,9,0.5384736253,0.0000000000,4,8
PISR-NSGA-II,Airy,1,9,0.5384736253,0.0000000000,4,8
PISR-NSGA-II,Airy,1,9,0.0000847691,0.0000000000,6,8
PISR-NSGA-II,Airy,1,9,0.0000847691,0.0000000000,6,8
PISR-NSGA-II,Airy,1,9,0.0000847691,0.0000000000,6,8
PISR-NSGA-II,Airy,1,9,0.0000847691,0.0000000000,6,8
PISR-NSGA-II,Airy,1,9,0.5727964769,0.0000000000,3,8
PISR-NSGA-II,Airy,1,9,0.5727964769,0.0000000000,3,8
PISR-NSGA-II,Airy,1,9,0.5727964769,0.0000000000,3,8
PISR-NSGA-II,Airy,1,9,0.5727964769,0.0000000000,3,8
PISR-NSGA-II,Airy,1,9,0.5727964769,0.0000000000,3,8
PISR-NSGA-II,Airy,1,9,0.5727964769,0.0000000000,3,8
PISR-NSGA-II,Airy,1,9,0.5727964769,0.0000000000,3,8
PISR-NSGA-II,Airy,1,9,0.5727964772,0.0000000000,3,9
PISR-NSGA-II,Airy,1,9,0.0008103140,0.0000000000,5,9
PISR-NSGA-II,Airy,1,9,0.5384736253,0.0000000000,4,9
PISR-NSGA-II,Airy,1,9,0.0000853360,0.0000000000,6,9
PISR-NSGA-II,Airy,1,9,0.0000853360,0.0000000000,6,9
PISR-NSGA-II,Airy,1,9,0.0000853360,0.0000000000,6,9
PISR-NSGA-II,Airy,1,9,0.0000853360,0.0000000000,6,9
PISR-NSGA-II,Airy,1,9,0.5384736253,0.0000000000,4,10
PISR-NSGA-II,Airy,1,9,0.5384736253,0.0000000000,4,10
PISR-NSGA-II,Airy,1,9,0.5727964772,0.0000000000,3,10
PISR-NSGA-II,Airy,1,9,0.0008103140,0.0000000000,5,10
PISR-NSGA-II,Airy,1,9,0.0000856400,0.0000000000,6,10
PISR-NSGA-II,Airy,1,9,0.5727964776,0.0000000000,3,11
PISR-NSGA-II,Airy,1,9,0.0000875830,0.0000000000,6,11
PISR-NSGA-II,Airy,1,9,0.5384736253,0.0000000000,4,11
PISR-NSGA-II,Airy,1,10,0.0000207389,0.0000000000,14,1
PISR-NSGA-II,Airy,1,10,0.0008103140,0.0000000000,5,1
PISR-NSGA-II,Airy,1,10,0.0000837512,0.0000000000,6,1
PISR-NSGA-II,Airy,1,10,0.0000837512,0.0000000000,6,1
PISR-NSGA-II,Airy,1,10,0.5384736252,0.0000000000,4,1
PISR-NSGA-II,Airy,1,10,0.5384736252,0.0000000000,4,1
PISR-NSGA-II,Airy,1,10,0.5384736252,0.0000000000,4,1
PISR-NSGA-II,Airy,1,10,0.5384736252,0.0000000000,4,1
PISR-NSGA-II,Airy,1,10,0.5384736252,0.0000000000,4,1
PISR-NSGA-II,Airy,1,10,0.5384736252,0.0000000000,4,1
PISR-NSGA-II,Airy,1,10,0.5384736252,0.0000000000,4,1
PISR-NSGA-II,Airy,1,10,0.5384736252,0.0000000000,4,1
PISR-NSGA-II,Airy,1,10,0.5384736252,0.0000000000,4,1
PISR-NSGA-II,Airy,1,10,0.5384736252,0.0000000000,4,1
PISR-NSGA-II,Airy,1,10,0.5384736252,0.0000000000,4,1
PISR-NSGA-II,Airy,1,10,0.5384736252,0.0000000000,4,1
PISR-NSGA-II,Airy,1,10,0.5384736252,0.0000000000,4,1
PISR-NSGA-II,Airy,1,10,0.5384736252,0.0000000000,4,1
PISR-NSGA-II,Airy,1,10,0.5384736252,0.0000000000,4,1
PISR-NSGA-II,Airy,1,10,0.0000248056,0.0000000000,11,1
PISR-NSGA-II,Airy,1,10,0.5384736252,0.0000000000,4,1
PISR-NSGA-II,Airy,1,10,0.5384736252,0.0000000000,4,1
PISR-NSGA-II,Airy,1,10,0.5673508917,0.0000000000,3,1
PISR-NSGA-II,Airy,1,10,0.0000839986,0.0000000000,6,2
PISR-NSGA-II,Airy,1,10,0.0000839986,0.0000000000,6,2
PISR-NSGA-II,Airy,1,10,0.0000839986,0.0000000000,6,2
PISR-NSGA-II,Airy,1,10,0.0000839986,0.0000000000,6,2
PISR-NSGA-II,Airy,1,10,0.0008103140,0.0000000000,5,2
PISR-NSGA-II,Airy,1,10,0.5384736252,0.0000000000,4,2
PISR-NSGA-II,Airy,1,10,0.5384736252,0.0000000000,4,2
PISR-NSGA-II,Airy,1,10,0.5384736252,0.0000000000,4,2
PISR-NSGA-II,Airy,1,10,0.5384736252,0.0000000000,4,2
PISR-NSGA-II,Airy,1,10,0.0000350304,0.0000000000,16,2
PISR-NSGA-II,Airy,1,10,0.0000839986,0.0000000000,6,2
PISR-NSGA-II,Airy,1,10,0.0000839986,0.0000000000,6,2
PISR-NSGA-II,Airy,1,10,0.5384736252,0.0000000000,4,2
PISR-NSGA-II,Airy,1,10,0.0000839986,0.0000000000,6,2
PISR-NSGA-II,Airy,1,10,0.5384736252,0.0000000000,4,2
PISR-NSGA-II,Airy,1,10,0.5674380624,0.0000000000,3,2
PISR-NSGA-II,Airy,1,10,0.5384736252,0.0000000000,4,2
PISR-NSGA-II,Airy,1,10,0.0008103140,0.0000000000,5,3
PISR-NSGA-II,Airy,1,10,0.0000844525,0.0000000000,6,3
PISR-NSGA-II,Airy,1,10,0.0000844525,0.0000000000,6,3
PISR-NSGA-II,Airy,1,10,0.0000844525,0.0000000000,6,3
PISR-NSGA-II,Airy,1,10,0.0000844525,0.0000000000,6,3
PISR-NSGA-II,Airy,1,10,0.5384736253,0.0000000000,4,3
PISR-NSGA-II,Airy,1,10,0.5384736253,0.0000000000,4,3
PISR-NSGA-II,Airy,1,10,0.5384736253,0.0000000000,4,3
PISR-NSGA-II,Airy,1,10,0.5384736253,0.0000000000,4,3
PISR-NSGA-II,Airy,1,10,0.5384736253,0.0000000000,4,3
PISR-NSGA-II,Airy,1,10,0.5384736253,0.0000000000,4,3
PISR-NSGA-II,Airy,1,10,0.5384736253,0.0000000000,4,3
PISR-NSGA-II,Airy,1,10,0.5384736253,0.0000000000,4,3
PISR-NSGA-II,Airy,1,10,0.5384736253,0.0000000000,4,3
PISR-NSGA-II,Airy,1,10,0.5384736253,0.0000000000,4,3
PISR-NSGA-II,Airy,1,10,0.5384736253,0.0000000000,4,3
PISR-NSGA-II,Airy,1,10,0.5384736253,0.0000000000,4,3
PISR-NSGA-II,Airy,1,10,0.5384736253,0.0000000000,4,3
PISR-NSGA-II,Airy,1,10,0.5384736253,0.0000000000,4,3
PISR-NSGA-II,Airy,1,10,0.5384736253,0.0000000000,4,3
PISR-NSGA-II,Airy,1,10,0.5384736253,0.0000000000,4,3
PISR-NSGA-II,Airy,1,10,0.5384736253,0.0000000000,4,3
PISR-NSGA-II,Airy,1,10,0.5686346381,0.0000000000,3,3
PISR-NSGA-II,Airy,1,10,0.5727964749,0.0000000000,3,4
PISR-NSGA-II,Airy,1,10,0.5727964749,0.0000000000,3,4
PISR-NSGA-II,Airy,1,10,0.0008103140,0.0000000000,5,4
PISR-NSGA-II,Airy,1,10,0.0000845584,0.0000000000,6,4
PISR-NSGA-II,Airy,1,10,0.0000845584,0.0000000000,6,4
PISR-NSGA-II,Airy,1,10,0.0000845584,0.0000000000,6,4
PISR-NSGA-II,Airy,1,10,0.0000845584,0.0000000000,6,4
PISR-NSGA-II,Airy,1,10,0.0000845584,0.0000000000,6,4
PISR-NSGA-II,Airy,1,10,0.0000845584,0.0000000000,6,4
PISR-NSGA-II,Airy,1,10,0.0000845584,0.0000000000,6,4
PISR-NSGA-II,Airy,1,10,0.0000845584,0.0000000000,6,4
PISR-NSGA-II,Airy,1,10,0.5384736253,0.0000000000,4,4
PISR-NSGA-II,Airy,1,10,0.5384736253,0.0000000000,4,4
PISR-NSGA-II,Airy,1,10,0.5727964759,0.0000000000,3,5
PISR-NSGA-II,Airy,1,10,0.5727964759,0.0000000000,3,5
PISR-NSGA-II,Airy,1,10,0.5727964759,0.0000000000,3,5
PISR-NSGA-II,Airy,1,10,0.5727964759,0.0000000000,3,5
PISR-NSGA-II,Airy,1,10,0.5727964759,0.0000000000,3,5
PISR-NSGA-II,Airy,1,10,0.5727964759,0.0000000000,3,5
PISR-NSGA-II,Airy,1,10,0.5727964759,0.0000000000,3,5
PISR-NSGA-II,Airy,1,10,0.0000845585,0.0000000000,6,5
PISR-NSGA-II,Airy,1,10,0.5384736253,0.0000000000,4,5
PISR-NSGA-II,Airy,1,10,0.5384736253,0.0000000000,4,5
PISR-NSGA-II,Airy,1,10,0.5384736253,0.0000000000,4,5
PISR-NSGA-II,Airy,1,10,0.5384736253,0.0000000000,4,5
PISR-NSGA-II,Airy,1,10,0.5384736253,0.0000000000,4,5
PISR-NSGA-II,Airy,1,10,0.5384736253,0.0000000000,4,5
PISR-NSGA-II,Airy,1,10,0.0008103140,0.0000000000,5,5
PISR-NSGA-II,Airy,1,10,0.5727964759,0.0000000000,3,5
PISR-NSGA-II,Airy,1,10,0.5727964759,0.0000000000,3,5
PISR-NSGA-II,Airy,1,10,0.5727964763,0.0000000000,3,6
PISR-NSGA-II,Airy,1,10,0.0008103140,0.0000000000,5,6
PISR-NSGA-II,Airy,1,10,0.0000845589,0.0000000000,6,6
PISR-NSGA-II,Airy,1,10,0.5384736253,0.0000000000,4,6
PISR-NSGA-II,Airy,1,10,0.5384736253,0.0000000000,4,6
PISR-NSGA-II,Airy,1,10,0.5727964763,0.0000000000,3,7
PISR-NSGA-II,Airy,1,10,0.5727964763,0.0000000000,3,7
PISR-NSGA-II,Airy,1,10,0.5727964763,0.0000000000,3,7
PISR-NSGA-II,Airy,1,10,0.5727964763,0.0000000000,3,7
PISR-NSGA-II,Airy,1,10,0.5727964763,0.0000000000,3,7
PISR-NSGA-II,Airy,1,10,0.5727964763,0.0000000000,3,7
PISR-NSGA-II,Airy,1,10,0.5727964763,0.0000000000,3,7
PISR-NSGA-II,Airy,1,10,0.5727964763,0.0000000000,3,7
PISR-NSGA-II,Airy,1,10,0.5727964763,0.0000000000,3,7
PISR-NSGA-II,Airy,1,10,0.5727964763,0.0000000000,3,7
PISR-NSGA-II,Airy,1,10,0.5727964763,0.0000000000,3,7
PISR-NSGA-II,Airy,1,10,0.5727964763,0.0000000000,3,7
PISR-NSGA-II,Airy,1,10,0.5727964763,0.0000000000,3,7
PISR-NSGA-II,Airy,1,10,0.5727964763,0.0000000000,3,7
PISR-NSGA-II,Airy,1,10,0.5727964763,0.0000000000,3,7
PISR-NSGA-II,Airy,1,10,0.5727964763,0.0000000000,3,7
PISR-NSGA-II,Airy,1,10,0.5727964763,0.0000000000,3,7
PISR-NSGA-II,Airy,1,10,0.5727964763,0.0000000000,3,7
PISR-NSGA-II,Airy,1,10,0.5727964763,0.0000000000,3,7
PISR-NSGA-II,Airy,1,10,0.5727964763,0.0000000000,3,7
PISR-NSGA-II,Airy,1,10,0.5727964763,0.0000000000,3,7
PISR-NSGA-II,Airy,1,10,0.5727964763,0.0000000000,3,7
PISR-NSGA-II,Airy,1,10,0.0008103140,0.0000000000,5,7
PISR-NSGA-II,Airy,1,10,0.0008103140,0.0000000000,5,7
PISR-NSGA-II,Airy,1,10,0.0000846790,0.0000000000,6,7
PISR-NSGA-II,Airy,1,10,0.0000846790,0.0000000000,6,7
PISR-NSGA-II,Airy,1,10,0.0000846790,0.0000000000,6,7
PISR-NSGA-II,Airy,1,10,0.0000846790,0.0000000000,6,7
PISR-NSGA-II,Airy,1,10,0.5384736253,0.0000000000,4,7
PISR-NSGA-II,Airy,1,10,0.5384736253,0.0000000000,4,7
PISR-NSGA-II,Airy,1,10,0.5384736253,0.0000000000,4,7
PISR-NSGA-II,Airy,1,10,0.5727964763,0.0000000000,3,7
PISR-NSGA-II,Airy,1,10,0.5727964768,0.0000000000,3,8
PISR-NSGA-II,Airy,1,10,0.5727964768,0.0000000000,3,8
PISR-NSGA-II,Airy,1,10,0.0008103140,0.0000000000,5,8
PISR-NSGA-II,Airy,1,10,0.0000847704,0.0000000000,6,8
PISR-NSGA-II,Airy,1,10,0.0000847704,0.0000000000,6,8
PISR-NSGA-II,Airy,1,10,0.0000847704,0.0000000000,6,8
PISR-NSGA-II,Airy,1,10,0.0000847704,0.0000000000,6,8
PISR-NSGA-II,Airy,1,10,0.5384736253,0.0000000000,4,8
PISR-NSGA-II,Airy,1,10,0.5727964768,0.0000000000,3,9
PISR-NSGA-II,Airy,1,10,0.0000850679,0.0000000000,6,9
PISR-NSGA-II,Airy,1,10,0.5727964768,0.0000000000,3,9
PISR-NSGA-II,Airy,1,10,0.0000850679,0.0000000000,6,9
PISR-NSGA-II,Airy,1,10,0.0008103140,0.0000000000,5,9
PISR-NSGA-II,Airy,1,10,0.5384736253,0.0000000000,4,9
PISR-NSGA-II,Airy,1,10,0.5384736253,0.0000000000,4,9
PISR-NSGA-II,Airy,1,10,0.5727964768,0.0000000000,3,9
PISR-NSGA-II,Airy,1,10,0.5727964768,0.0000000000,3,9
PISR-NSGA-II,Airy,1,10,0.5727964768,0.0000000000,3,9
PISR-NSGA-II,Airy,1,10,0.5727964768,0.0000000000,3,9
PISR-NSGA-II,Airy,1,10,0.5727964768,0.0000000000,3,9
PISR-NSGA-II,Airy,1,11,0.0008103140,0.0000000000,5,1
PISR-NSGA-II,Airy,1,11,0.0000847713,0.0000000000,6,1
PISR-NSGA-II,Airy,1,11,0.0000847713,0.0000000000,6,1
PISR-NSGA-II,Airy,1,11,0.0000038741,0.0000000000,11,1
PISR-NSGA-II,Airy,1,11,0.5670904628,0.0000000000,3,1
PISR-NSGA-II,Airy,1,11,0.5384245938,0.0000000000,4,1
PISR-NSGA-II,Airy,1,11,0.0000202523,0.0000000000,14,2
PISR-NSGA-II,Airy,1,11,0.5384736252,0.0000000000,4,2
PISR-NSGA-II,Airy,1,11,0.5384736252,0.0000000000,4,2
PISR-NSGA-II,Airy,1,11,0.5384736252,0.0000000000,4,2
PISR-NSGA-II,Airy,1,11,0.5384736252,0.0000000000,4,2
PISR-NSGA-II,Airy,1,11,0.5384736252,0.0000000000,4,2
PISR-NSGA-II,Airy,1,11,0.5384736252,0.0000000000,4,2
PISR-NSGA-II,Airy,1,11,0.5384736252,0.0000000000,4,2
PISR-NSGA-II,Airy,1,11,0.5384736252,0.0000000000,4,2
PISR-NSGA-II,Airy,1,11,0.5384736252,0.0000000000,4,2
PISR-NSGA-II,Airy,1,11,0.5384736252,0.0000000000,4,2
PISR-NSGA-II,Airy,1,11,0.5384736252,0.0000000000,4,2
PISR-NSGA-II,Airy,1,11,0.5384736252,0.0000000000,4,2
PISR-NSGA-II,Airy,1,11,0.5384736252,0.0000000000,4,2
PISR-NSGA-II,Airy,1,11,0.5384736252,0.0000000000,4,2
PISR-NSGA-II,Airy,1,11,0.5384736252,0.0000000000,4,2
PISR-NSGA-II,Airy,1,11,0.5384736252,0.0000000000,4,2
PISR-NSGA-II,Airy,1,11,0.5384736252,0.0000000000,4,2
PISR-NSGA-II,Airy,1,11,0.0000847714,0.0000000000,6,2
PISR-NSGA-II,Airy,1,11,0.0000847714,0.0000000000,6,2
PISR-NSGA-II,Airy,1,11,0.0000847714,0.0000000000,6,2
PISR-NSGA-II,Airy,1,11,0.0000847714,0.0000000000,6,2
PISR-NSGA-II,Airy,1,11,0.0008103140,0.0000000000,5,2
PISR-NSGA-II,Airy,1,11,0.0000044223,0.0000000000,16,2
PISR-NSGA-II,Airy,1,11,0.0000847714,0.0000000000,6,2
PISR-NSGA-II,Airy,1,11,0.0000847714,0.0000000000,6,2
PISR-NSGA-II,Airy,1,11,0.0000847714,0.0000000000,6,2
PISR-NSGA-II,Airy,1,11,0.5384736252,0.0000000000,4,2
PISR-NSGA-II,Airy,1,11,0.5713793274,0.0000000000,3,2
PISR-NSGA-II,Airy,1,11,0.5384736252,0.0000000000,4,2
PISR-NSGA-II,Airy,1,11,0.5384736252,0.0000000000,4,2
PISR-NSGA-II,Airy,1,11,0.5384736252,0.0000000000,4,2
PISR-NSGA-II,Airy,1,11,0.0000847714,0.0000000000,6,2
PISR-NSGA-II,Airy,1,11,0.0000723922,0.0000000000,11,2
PISR-NSGA-II,Airy,1,11,0.5384736252,0.0000000000,4,2
PISR-NSGA-II,Airy,1,11,0.5384736252,0.0000000000,4,2
PISR-NSGA-II,Airy,1,11,0.5384736252,0.0000000000,4,3
PISR-NSGA-II,Airy,1,11,0.5384736252,0.0000000000,4,3
PISR-NSGA-II,Airy,1,11,0.5384736252,0.0000000000,4,3
PISR-NSGA-II,Airy,1,11,0.5384736252,0.0000000000,4,3
PISR-NSGA-II,Airy,1,11,0.5384736252,0.0000000000,4,3
PISR-NSGA-II,Airy,1,11,0.5384736252,0.0000000000,4,3
PISR-NSGA-II,Airy,1,11,0.5384736252,0.0000000000,4,3
PISR-NSGA-II,Airy,1,11,0.0008103140,0.0000000000,5,3
PISR-NSGA-II,Airy,1,11,0.0000847717,0.0000000000,6,3
PISR-NSGA-II,Airy,1,11,0.0000847717,0.0000000000,6,3
PISR-NSGA-II,Airy,1,11,0.0000847717,0.0000000000,6,3
PISR-NSGA-II,Airy,1,11,0.0000847717,0.0000000000,6,3
PISR-NSGA-II,Airy,1,11,0.5727964749,0.0000000000,3,3
PISR-NSGA-II,Airy,1,11,0.5727964749,0.0000000000,3,3
PISR-NSGA-II,Airy,1,11,0.5384736252,0.0000000000,4,3
PISR-NSGA-II,Airy,1,11,0.5384736253,0.0000000000,4,4
PISR-NSGA-II,Airy,1,11,0.5384736253,0.0000000000,4,4
PISR-NSGA-II,Airy,1,11,0.5384736253,0.0000000000,4,4
PISR-NSGA-II,Airy,1,11,0.5384736253,0.0000000000,4,4
PISR-NSGA-II,Airy,1,11,0.5384736253,0.0000000000,4,4
PISR-NSGA-II,Airy,1,11,0.5384736253,0.0000000000,4,4
PISR-NSGA-II,Airy,1,11,0.5384736253,0.0000000000,4,4
PISR-NSGA-II,Airy,1,11,0.5384736253,0.0000000000,4,4
PISR-NSGA-II,Airy,1,11,0.5384736253,0.0000000000,4,4
PISR-NSGA-II,Airy,1,11,0.5384736253,0.0000000000,4,4
PISR-NSGA-II,Airy,1,11,0.5384736253,0.0000000000,4,4
PISR-NSGA-II,Airy,1,11,0.5384736253,0.0000000000,4,4
PISR-NSGA-II,Airy,1,11,0.5384736253,0.0000000000,4,4
PISR-NSGA-II,Airy,1,11,0.5384736253,0.0000000000,4,4
PISR-NSGA-II,Airy,1,11,0.5384736253,0.0000000000,4,4
PISR-NSGA-II,Airy,1,11,0.5384736253,0.0000000000,4,4
PISR-NSGA-II,Airy,1,11,0.5384736253,0.0000000000,4,4
PISR-NSGA-II,Airy,1,11,0.0008103140,0.0000000000,5,4
PISR-NSGA-II,Airy,1,11,0.0000847717,0.0000000000,6,4
PISR-NSGA-II,Airy,1,11,0.0000847717,0.0000000000,6,4
PISR-NSGA-II,Airy,1,11,0.0000847717,0.0000000000,6,4
PISR-NSGA-II,Airy,1,11,0.0000847717,0.0000000000,6,4
PISR-NSGA-II,Airy,1,11,0.0000847717,0.0000000000,6,4
PISR-NSGA-II,Airy,1,11,0.0000847717,0.0000000000,6,4
PISR-NSGA-II,Airy,1,11,0.0000847717,0.0000000000,6,4
PISR-NSGA-II,Airy,1,11,0.0000847717,0.0000000000,6,4
PISR-NSGA-II,Airy,1,11,0.5727964759,0.0000000000,3,4
PISR-NSGA-II,Airy,1,11,0.5727964759,0.0000000000,3,4
PISR-NSGA-II,Airy,1,11,0.5727964759,0.0000000000,3,4
PISR-NSGA-II,Airy,1,11,0.5727964759,0.0000000000,3,4
PISR-NSGA-II,Airy,1,11,0.5727964759,0.0000000000,3,4
PISR-NSGA-II,Airy,1,11,0.5727964759,0.0000000000,3,4
PISR-NSGA-II,Airy,1,11,0.5727964759,0.0000000000,3,4
PISR-NSGA-II,Airy,1,11,0.5727964759,0.0000000000,3,4
PISR-NSGA-II,Airy,1,11,0.5727964759,0.0000000000,3,4
PISR-NSGA-II,Airy,1,11,0.5727964759,0.0000000000,3,4
PISR-NSGA-II,Airy,1,11,0.5384736253,0.0000000000,4,5
PISR-NSGA-II,Airy,1,11,0.5384736253,0.0000000000,4,5
PISR-NSGA-II,Airy,1,11,0.0000847717,0.0000000000,6,5
PISR-NSGA-II,Airy,1,11,0.0008103140,0.0000000000,5,5
PISR-NSGA-II,Airy,1,11,0.5727964763,0.0000000000,3,5
PISR-NSGA-II,Airy,1,11,0.5727964763,0.0000000000,3,5
PISR-NSGA-II,Airy,1,11,0.5727964763,0.0000000000,3,5
PISR-NSGA-II,Airy,1,11,0.5727964763,0.0000000000,3,5
PISR-NSGA-II,Airy,1,11,0.5727964763,0.0000000000,3,5
PISR-NSGA-II,Airy,1,11,0.5727964763,0.0000000000,3,5
PISR-NSGA-II,Airy,1,11,0.5727964763,0.0000000000,3,5
PISR-NSGA-II,Airy,1,11,0.5727964763,0.0000000000,3,5
PISR-NSGA-II,Airy,1,11,0.5727964763,0.0000000000,3,5
PISR-NSGA-II,Airy,1,11,0.5727964763,0.0000000000,3,5
PISR-NSGA-II,Airy,1,11,0.5727964763,0.0000000000,3,5
PISR-NSGA-II,Airy,1,11,0.5727964763,0.0000000000,3,5
PISR-NSGA-II,Airy,1,11,0.5727964763,0.0000000000,3,5
PISR-NSGA-II,Airy,1,11,0.5727964763,0.0000000000,3,5
PISR-NSGA-II,Airy,1,11,0.5727964763,0.0000000000,3,5
PISR-NSGA-II,Airy,1,11,0.5727964763,0.0000000000,3,5
PISR-NSGA-II,Airy,1,11,0.5727964763,0.0000000000,3,5
PISR-NSGA-II,Airy,1,11,0.5727964763,0.0000000000,3,5
PISR-NSGA-II,Airy,1,11,0.5727964763,0.0000000000,3,5
PISR-NSGA-II,Airy,1,11,0.5727964763,0.0000000000,3,5
PISR-NSGA-II,Airy,1,11,0.5727964763,0.0000000000,3,5
PISR-NSGA-II,Airy,1,11,0.5727964763,0.0000000000,3,5
PISR-NSGA-II,Airy,1,11,0.5727964763,0.0000000000,3,5
PISR-NSGA-II,Airy,1,11,0.5727964763,0.0000000000,3,5
PISR-NSGA-II,Airy,1,11,0.5727964763,0.0000000000,3,5
PISR-NSGA-II,Airy,1,11,0.5727964763,0.0000000000,3,5
PISR-NSGA-II,Airy,1,11,0.5727964765,0.0000000000,3,6
PISR-NSGA-II,Airy,1,11,0.5384736253,0.0000000000,4,6
PISR-NSGA-II,Airy,1,11,0.5384736253,0.0000000000,4,6
PISR-NSGA-II,Airy,1,11,0.5384736253,0.0000000000,4,6
PISR-NSGA-II,Airy,1,11,0.5384736253,0.0000000000,4,6
PISR-NSGA-II,Airy,1,11,0.5384736253,0.0000000000,4,6
PISR-NSGA-II,Airy,1,11,0.5384736253,0.0000000000,4,6
PISR-NSGA-II,Airy,1,11,0.0008103140,0.0000000000,5,6
PISR-NSGA-II,Airy,1,11,0.0000847717,0.0000000000,6,6
PISR-NSGA-II,Airy,1,11,0.5727964768,0.0000000000,3,7
PISR-NSGA-II,Airy,1,11,0.5384736253,0.0000000000,4,7
PISR-NSGA-II,Airy,1,11,0.5384736253,0.0000000000,4,7
PISR-NSGA-II,Airy,1,11,0.0008103140,0.0000000000,5,7
PISR-NSGA-II,Airy,1,11,0.0008103140,0.0000000000,5,7
PISR-NSGA-II,Airy,1,11,0.0000847718,0.0000000000,6,7
PISR-NSGA-II,Airy,1,11,0.0000847718,0.0000000000,6,7
PISR-NSGA-II,Airy,1,11,0.0000847718,0.0000000000,6,7
PISR-NSGA-II,Airy,1,11,0.0000847718,0.0000000000,6,7
PISR-NSGA-II,Airy,1,11,0.5727964768,0.0000000000,3,8
PISR-NSGA-II,Airy,1,11,0.0000847718,0.0000000000,6,8
PISR-NSGA-II,Airy,1,11,0.5727964768,0.0000000000,3,8
PISR-NSGA-II,Airy,1,11,0.0000847718,0.0000000000,6,8
PISR-NSGA-II,Airy,1,11,0.0008103140,0.0000000000,5,8
PISR-NSGA-II,Airy,1,11,0.5384736253,0.0000000000,4,8
PISR-NSGA-II,Airy,1,11,0.5384736253,0.0000000000,4,8
PISR-NSGA-II,Airy,1,11,0.5384736253,0.0000000000,4,8
PISR-NSGA-II,Airy,1,11,0.0000847718,0.0000000000,6,8
PISR-NSGA-II,Airy,1,12,0.0008103140,0.0000000000,5,1
PISR-NSGA-II,Airy,1,12,0.0000847715,0.0000000000,6,1
PISR-NSGA-II,Airy,1,12,0.0000847715,0.0000000000,6,1
PISR-NSGA-II,Airy,1,12,0.0000032194,0.0000000000,11,1
PISR-NSGA-II,Airy,1,12,0.5384736252,0.0000000000,4,1
PISR-NSGA-II,Airy,1,12,0.5384736252,0.0000000000,4,1
PISR-NSGA-II,Airy,1,12,0.5384736252,0.0000000000,4,1
PISR-NSGA-II,Airy,1,12,0.5384736252,0.0000000000,4,1
PISR-NSGA-II,Airy,1,12,0.5384736252,0.0000000000,4,1
PISR-NSGA-II,Airy,1,12,0.5384736252,0.0000000000,4,1
PISR-NSGA-II,Airy,1,12,0.5384736252,0.0000000000,4,1
PISR-NSGA-II,Airy,1,12,0.5384736252,0.0000000000,4,1
PISR-NSGA-II,Airy,1,12,0.5384736252,0.0000000000,4,1
PISR-NSGA-II,Airy,1,12,0.5384736252,0.0000000000,4,1
PISR-NSGA-II,Airy,1,12,0.5384736252,0.0000000000,4,1
PISR-NSGA-II,Airy,1,12,0.5384736252,0.0000000000,4,1
PISR-NSGA-II,Airy,1,12,0.5384736252,0.0000000000,4,1
PISR-NSGA-II,Airy,1,12,0.5384736252,0.0000000000,4,1
PISR-NSGA-II,Airy,1,12,0.5384736252,0.0000000000,4,1
PISR-NSGA-II,Airy,1,12,0.5384736252,0.0000000000,4,1
PISR-NSGA-II,Airy,1,12,0.5384736252,0.0000000000,4,1
PISR-NSGA-II,Airy,1,12,0.5384736252,0.0000000000,4,1
PISR-NSGA-II,Airy,1,12,0.5384736252,0.0000000000,4,1
PISR-NSGA-II,Airy,1,12,0.5384736252,0.0000000000,4,1
PISR-NSGA-II,Airy,1,12,0.5384736252,0.0000000000,4,1
PISR-NSGA-II,Airy,1,12,0.5384736252,0.0000000000,4,1
PISR-NSGA-II,Airy,1,12,0.5384736252,0.0000000000,4,1
PISR-NSGA-II,Airy,1,12,0.5384736252,0.0000000000,4,1
PISR-NSGA-II,Airy,1,12,0.5384736252,0.0000000000,4,1
PISR-NSGA-II,Airy,1,12,0.5668758546,0.0000000000,3,1
PISR-NSGA-II,Airy,1,12,0.5384736252,0.0000000000,4,1
PISR-NSGA-II,Airy,1,12,0.5384736252,0.0000000000,4,1
PISR-NSGA-II,Airy,1,12,0.0000847715,0.0000000000,6,1
PISR-NSGA-II,Airy,1,12,0.5384736252,0.0000000000,4,1
PISR-NSGA-II,Airy,1,12,0.0000847716,0.0000000000,6,2
PISR-NSGA-II,Airy,1,12,0.0000847716,0.0000000000,6,2
PISR-NSGA-II,Airy,1,12,0.0000847716,0.0000000000,6,2
PISR-NSGA-II,Airy,1,12,0.0000847716,0.0000000000,6,2
PISR-NSGA-II,Airy,1,12,0.0008103140,0.0000000000,5,2
PISR-NSGA-II,Airy,1,12,0.0000043267,0.0000000000,16,2
PISR-NSGA-II,Airy,1,12,0.0000847716,0.0000000000,6,2
PISR-NSGA-II,Airy,1,12,0.0000847716,0.0000000000,6,2
PISR-NSGA-II,Airy,1,12,0.0000847716,0.0000000000,6,2
PISR-NSGA-II,Airy,1,12,0.0000847716,0.0000000000,6,2
PISR-NSGA-II,Airy,1,12,0.0000127810,0.0000000000,11,2
PISR-NSGA-II,Airy,1,12,0.5384736252,0.0000000000,4,2
PISR-NSGA-II,Airy,1,12,0.5384736252,0.0000000000,4,2
PISR-NSGA-II,Airy,1,12,0.5384736252,0.0000000000,4,2
PISR-NSGA-II,Airy,1,12,0.5384736252,0.0000000000,4,2
PISR-NSGA-II,Airy,1,12,0.5384736252,0.0000000000,4,2
PISR-NSGA-II,Airy,1,12,0.5384736252,0.0000000000,4,2
PISR-NSGA-II,Airy,1,12,0.5384736252,0.0000000000,4,2
PISR-NSGA-II,Airy,1,12,0.5384736252,0.0000000000,4,2
PISR-NSGA-II,Airy,1,12,0.5669501727,0.0000000000,3,2
PISR-NSGA-II,Airy,1,12,0.0000847716,0.0000000000,6,2
PISR-NSGA-II,Airy,1,12,0.0000847716,0.0000000000,6,2
PISR-NSGA-II,Airy,1,12,0.5384736252,0.0000000000,4,2
PISR-NSGA-II,Airy,1,12,0.0000847716,0.0000000000,6,2
PISR-NSGA-II,Airy,1,12,0.0000201711,0.0000000000,14,3
PISR-NSGA-II,Airy,1,12,0.0008103140,0.0000000000,5,3
PISR-NSGA-II,Airy,1,12,0.0000847718,0.0000000000,6,3
PISR-NSGA-II,Airy,1,12,0.0000847718,0.0000000000,6,3
PISR-NSGA-II,Airy,1,12,0.0000847718,0.0000000000,6,3
PISR-NSGA-II,Airy,1,12,0.0000847718,0.0000000000,6,3
PISR-NSGA-II,Airy,1,12,0.5727964749,0.0000000000,3,3
PISR-NSGA-II,Airy,1,12,0.5727964749,0.0000000000,3,3
PISR-NSGA-II,Airy,1,12,0.5384736253,0.0000000000,4,3
PISR-NSGA-II,Airy,1,12,0.5384736253,0.0000000000,4,3
PISR-NSGA-II,Airy,1,12,0.5384736253,0.0000000000,4,3
PISR-NSGA-II,Airy,1,12,0.5384736253,0.0000000000,4,3
PISR-NSGA-II,Airy,1,12,0.5384736253,0.0000000000,4,3
PISR-NSGA-II,Airy,1,12,0.5384736253,0.0000000000,4,3
PISR-NSGA-II,Airy,1,12,0.5384736253,0.0000000000,4,3
PISR-NSGA-II,Airy,1,12,0.5384736253,0.0000000000,4,3
PISR-NSGA-II,Airy,1,12,0.5384736253,0.0000000000,4,3
PISR-NSGA-II,Airy,1,12,0.5384736253,0.0000000000,4,3
PISR-NSGA-II,Airy,1,12,0.5384736253,0.0000000000,4,3
PISR-NSGA-II,Airy,1,12,0.5384736253,0.0000000000,4,3
PISR-NSGA-II,Airy,1,12,0.5384736253,0.0000000000,4,3
PISR-NSGA-II,Airy,1,12,0.5384736253,0.0000000000,4,3
PISR-NSGA-II,Airy,1,12,0.5384736253,0.0000000000,4,3
PISR-NSGA-II,Airy,1,12,0.5384736253,0.0000000000,4,3
PISR-NSGA-II,Airy,1,12,0.5384736253,0.0000000000,4,3
PISR-NSGA-II,Airy,1,12,0.0000847718,0.0000000000,6,3
PISR-NSGA-II,Airy,1,12,0.5384736253,0.0000000000,4,4
PISR-NSGA-II,Airy,1,12,0.0008103140,0.0000000000,5,4
PISR-NSGA-II,Airy,1,12,0.0000847718,0.0000000000,6,4
PISR-NSGA-II,Airy,1,12,0.0000847718,0.0000000000,6,4
PISR-NSGA-II,Airy,1,12,0.0000847718,0.0000000000,6,4
PISR-NSGA-II,Airy,1,12,0.0000847718,0.0000000000,6,4
PISR-NSGA-II,Airy,1,12,0.0000847718,0.0000000000,6,4
PISR-NSGA-II,Airy,1,12,0.0000847718,0.0000000000,6,4
PISR-NSGA-II,Airy,1,12,0.0000847718,0.0000000000,6,4
PISR-NSGA-II,Airy,1,12,0.0000847718,0.0000000000,6,4
PISR-NSGA-II,Airy,1,12,0.5727964759,0.0000000000,3,4
PISR-NSGA-II,Airy,1,12,0.5727964759,0.0000000000,3,4
PISR-NSGA-II,Airy,1,12,0.5727964759,0.0000000000,3,4
PISR-NSGA-II,Airy,1,12,0.5727964759,0.0000000000,3,4
PISR-NSGA-II,Airy,1,12,0.5727964759,0.0000000000,3,4
PISR-NSGA-II,Airy,1,12,0.5727964759,0.0000000000,3,4
PISR-NSGA-II,Airy,1,12,0.5727964759,0.0000000000,3,4
PISR-NSGA-II,Airy,1,12,0.5727964759,0.0000000000,3,4
PISR-NSGA-II,Airy,1,12,0.5727964759,0.0000000000,3,4
PISR-NSGA-II,Airy,1,12,0.5727964759,0.0000000000,3,4
PISR-NSGA-II,Airy,1,12,0.5727964759,0.0000000000,3,4
PISR-NSGA-II,Airy,1,12,0.5727964759,0.0000000000,3,4
PISR-NSGA-II,Airy,1,12,0.5384736253,0.0000000000,4,5
PISR-NSGA-II,Airy,1,12,0.5384736253,0.0000000000,4,5
PISR-NSGA-II,Airy,1,12,0.0000847718,0.0000000000,6,5
PISR-NSGA-II,Airy,1,12,0.0008103140,0.0000000000,5,5
PISR-NSGA-II,Airy,1,12,0.5727964763,0.0000000000,3,5
PISR-NSGA-II,Airy,1,12,0.5727964763,0.0000000000,3,5
PISR-NSGA-II,Airy,1,12,0.5727964763,0.0000000000,3,5
PISR-NSGA-II,Airy,1,12,0.5727964763,0.0000000000,3,5
PISR-NSGA-II,Airy,1,12,0.5727964763,0.0000000000,3,5
PISR-NSGA-II,Airy,1,12,0.5727964763,0.0000000000,3,5
PISR-NSGA-II,Airy,1,12,0.5727964763,0.0000000000,3,5
PISR-NSGA-II,Airy,1,12,0.5727964763,0.0000000000,3,5
PISR-NSGA-II,Airy,1,12,0.5727964763,0.0000000000,3,5
PISR-NSGA-II,Airy,1,12,0.5727964763,0.0000000000,3,5
PISR-NSGA-II,Airy,1,12,0.5727964763,0.0000000000,3,5
PISR-NSGA-II,Airy,1,12,0.5727964763,0.0000000000,3,5
PISR-NSGA-II,Airy,1,12,0.5727964763,0.0000000000,3,5
PISR-NSGA-II,Airy,1,12,0.5727964763,0.0000000000,3,5
PISR-NSGA-II,Airy,1,12,0.5727964763,0.0000000000,3,5
PISR-NSGA-II,Airy,1,12,0.5727964763,0.0000000000,3,5
PISR-NSGA-II,Airy,1,12,0.5727964763,0.0000000000,3,5
PISR-NSGA-II,Airy,1,12,0.5727964763,0.0000000000,3,5
PISR-NSGA-II,Airy,1,12,0.5727964763,0.0000000000,3,5
PISR-NSGA-II,Airy,1,12,0.5727964763,0.0000000000,3,5
PISR-NSGA-II,Airy,1,12,0.5727964763,0.0000000000,3,5
PISR-NSGA-II,Airy,1,12,0.5727964763,0.0000000000,3,5
PISR-NSGA-II,Airy,1,12,0.5727964763,0.0000000000,3,5
PISR-NSGA-II,Airy,1,12,0.5727964763,0.0000000000,3,5
PISR-NSGA-II,Airy,1,12,0.5727964763,0.0000000000,3,5
PISR-NSGA-II,Airy,1,12,0.5727964763,0.0000000000,3,5
PISR-NSGA-II,Airy,1,12,0.5727964765,0.0000000000,3,6
PISR-NSGA-II,Airy,1,12,0.5384736253,0.0000000000,4,6
PISR-NSGA-II,Airy,1,12,0.5384736253,0.0000000000,4,6
PISR-NSGA-II,Airy,1,12,0.5384736253,0.0000000000,4,6
PISR-NSGA-II,Airy,1,12,0.5384736253,0.0000000000,4,6
PISR-NSGA-II,Airy,1,12,0.5384736253,0.0000000000,4,6
PISR-NSGA-II,Airy,1,12,0.5384736253,0.0000000000,4,6
PISR-NSGA-II,Airy,1,12,0.0008103140,0.0000000000,5,6
PISR-NSGA-II,Airy,1,12,0.0000847718,0.0000000000,6,6
PISR-NSGA-II,Airy,1,12,0.0000847718,0.0000000000,6,7
PISR-NSGA-II,Airy,1,12,0.5727964768,0.0000000000,3,7
PISR-NSGA-II,Airy,1,12,0.0000847718,0.0000000000,6,7
PISR-NSGA-II,Airy,1,12,0.5384736253,0.0000000000,4,7
PISR-NSGA-II,Airy,1,12,0.0008103140,0.0000000000,5,7
PISR-NSGA-II,Airy,1,13,0.0008103140,0.0000000000,5,1
PISR-NSGA-II,Airy,1,13,0.0000847717,0.0000000000,6,1
PISR-NSGA-II,Airy,1,13,0.0000847717,0.0000000000,6,1
PISR-NSGA-II,Airy,1,13,0.0000027655,0.0000000000,11,1
PISR-NSGA-II,Airy,1,13,0.0000847717,0.0000000000,6,1
PISR-NSGA-II,Airy,1,13,0.5384176537,0.0000000000,4,1
PISR-NSGA-II,Airy,1,13,0.0008103140,0.0000000000,5,1
PISR-NSGA-II,Airy,1,13,0.5675760329,0.0000000000,3,1
PISR-NSGA-II,Airy,1,13,0.0000847717,0.0000000000,6,2
PISR-NSGA-II,Airy,1,13,0.0000847717,0.0000000000,6,2
PISR-NSGA-II,Airy,1,13,0.0000847717,0.0000000000,6,2
PISR-NSGA-II,Airy,1,13,0.0000847717,0.0000000000,6,2
PISR-NSGA-II,Airy,1,13,0.0008103140,0.0000000000,5,2
PISR-NSGA-II,Airy,1,13,0.0000042687,0.0000000000,16,2
PISR-NSGA-II,Airy,1,13,0.0000847717,0.0000000000,6,2
PISR-NSGA-II,Airy,1,13,0.0000847717,0.0000000000,6,2
PISR-NSGA-II,Airy,1,13,0.0000847717,0.0000000000,6,2
PISR-NSGA-II,Airy,1,13,0.0000847717,0.0000000000,6,2
PISR-NSGA-II,Airy,1,13,0.0000094892,0.0000000000,11,2
PISR-NSGA-II,Airy,1,13,0.0000847717,0.0000000000,6,2
PISR-NSGA-II,Airy,1,13,0.0000847717,0.0000000000,6,2
PISR-NSGA-II,Airy,1,13,0.0000847717,0.0000000000,6,2
PISR-NSGA-II,Airy,1,13,0.5727964749,0.0000000000,3,2
PISR-NSGA-II,Airy,1,13,0.5727964749,0.0000000000,3,2
PISR-NSGA-II,Airy,1,13,0.5384419678,0.0000000000,4,2
PISR-NSGA-II,Airy,1,13,0.5384736252,0.0000000000,4,3
PISR-NSGA-II,Airy,1,13,0.5384736252,0.0000000000,4,3
PISR-NSGA-II,Airy,1,13,0.5384736252,0.0000000000,4,3
PISR-NSGA-II,Airy,1,13,0.5384736252,0.0000000000,4,3
PISR-NSGA-II,Airy,1,13,0.5384736252,0.0000000000,4,3
PISR-NSGA-II,Airy,1,13,0.5384736252,0.0000000000,4,3
PISR-NSGA-II,Airy,1,13,0.5384736252,0.0000000000,4,3
PISR-NSGA-II,Airy,1,13,0.5384736252,0.0000000000,4,3
PISR-NSGA-II,Airy,1,13,0.5384736252,0.0000000000,4,3
PISR-NSGA-II,Airy,1,13,0.5384736252,0.0000000000,4,3
PISR-NSGA-II,Airy,1,13,0.5384736252,0.0000000000,4,3
PISR-NSGA-II,Airy,1,13,0.5384736252,0.0000000000,4,3
PISR-NSGA-II,Airy,1,13,0.5384736252,0.0000000000,4,3
PISR-NSGA-II,Airy,1,13,0.5384736252,0.0000000000,4,3
PISR-NSGA-II,Airy,1,13,0.5384736252,0.0000000000,4,3
PISR-NSGA-II,Airy,1,13,0.5384736252,0.0000000000,4,3
PISR-NSGA-II,Airy,1,13,0.5384736252,0.0000000000,4,3
PISR-NSGA-II,Airy,1,13,0.5384736252,0.0000000000,4,3
PISR-NSGA-II,Airy,1,13,0.5384736252,0.0000000000,4,3
PISR-NSGA-II,Airy,1,13,0.5384736252,0.0000000000,4,3
PISR-NSGA-II,Airy,1,13,0.5384736252,0.0000000000,4,3
PISR-NSGA-II,Airy,1,13,0.5384736252,0.0000000000,4,3
PISR-NSGA-II,Airy,1,13,0.5384736252,0.0000000000,4,3
PISR-NSGA-II,Airy,1,13,0.5384736252,0.0000000000,4,3
PISR-NSGA-II,Airy,1,13,0.5384736252,0.0000000000,4,3
PISR-NSGA-II,Airy,1,13,0.5384736252,0.0000000000,4,3
PISR-NSGA-II,Airy,1,13,0.5384736252,0.0000000000,4,3
PISR-NSGA-II,Airy,1,13,0.5384736252,0.0000000000,4,3
PISR-NSGA-II,Airy,1,13,0.0000200979,0.0000000000,14,3
PISR-NSGA-II,Airy,1,13,0.0008103140,0.0000000000,5,3
PISR-NSGA-II,Airy,1,13,0.0000847718,0.0000000000,6,3
PISR-NSGA-II,Airy,1,13,0.0000847718,0.0000000000,6,3
PISR-NSGA-II,Airy,1,13,0.0000847718,0.0000000000,6,3
PISR-NSGA-II,Airy,1,13,0.0000847718,0.0000000000,6,3
PISR-NSGA-II,Airy,1,13,0.0000847718,0.0000000000,6,3
PISR-NSGA-II,Airy,1,13,0.5727964759,0.0000000000,3,3
PISR-NSGA-II,Airy,1,13,0.5727964759,0.0000000000,3,3
PISR-NSGA-II,Airy,1,13,0.5727964759,0.0000000000,3,3
PISR-NSGA-II,Airy,1,13,0.5727964759,0.0000000000,3,3
PISR-NSGA-II,Airy,1,13,0.5727964759,0.0000000000,3,3
PISR-NSGA-II,Airy,1,13,0.5727964759,0.0000000000,3,3
PISR-NSGA-II,Airy,1,13,0.5727964759,0.0000000000,3,3
PISR-NSGA-II,Airy,1,13,0.5727964759,0.0000000000,3,3
PISR-NSGA-II,Airy,1,13,0.5727964759,0.0000000000,3,3
PISR-NSGA-II,Airy,1,13,0.5727964759,0.0000000000,3,3
PISR-NSGA-II,Airy,1,13,0.5727964759,0.0000000000,3,3
PISR-NSGA-II,Airy,1,13,0.5727964759,0.0000000000,3,3
PISR-NSGA-II,Airy,1,13,0.5384736252,0.0000000000,4,3
PISR-NSGA-II,Airy,1,13,0.0000847718,0.0000000000,6,3
PISR-NSGA-II,Airy,1,13,0.5384736252,0.0000000000,4,3
PISR-NSGA-II,Airy,1,13,0.5384736252,0.0000000000,4,3
PISR-NSGA-II,Airy,1,13,0.5384736252,0.0000000000,4,4
PISR-NSGA-II,Airy,1,13,0.5384736252,0.0000000000,4,4
PISR-NSGA-II,Airy,1,13,0.5384736252,0.0000000000,4,4
PISR-NSGA-II,Airy,1,13,0.5384736252,0.0000000000,4,4
PISR-NSGA-II,Airy,1,13,0.5384736252,0.0000000000,4,4
PISR-NSGA-II,Airy,1,13,0.5384736252,0.0000000000,4,4
PISR-NSGA-II,Airy,1,13,0.5384736252,0.0000000000,4,4
PISR-NSGA-II,Airy,1,13,0.5384736252,0.0000000000,4,4
PISR-NSGA-II,Airy,1,13,0.5384736252,0.0000000000,4,4
PISR-NSGA-II,Airy,1,13,0.0008103140,0.0000000000,5,4
PISR-NSGA-II,Airy,1,13,0.0000847718,0.0000000000,6,4
PISR-NSGA-II,Airy,1,13,0.0000847718,0.0000000000,6,4
PISR-NSGA-II,Airy,1,13,0.0000847718,0.0000000000,6,4
PISR-NSGA-II,Airy,1,13,0.0000847718,0.0000000000,6,4
PISR-NSGA-II,Airy,1,13,0.0000847718,0.0000000000,6,4
PISR-NSGA-II,Airy,1,13,0.0000847718,0.0000000000,6,4
PISR-NSGA-II,Airy,1,13,0.0000847718,0.0000000000,6,4
PISR-NSGA-II,Airy,1,13,0.0000847718,0.0000000000,6,4
PISR-NSGA-II,Airy,1,13,0.5727964763,0.0000000000,3,4
PISR-NSGA-II,Airy,1,13,0.5727964763,0.0000000000,3,4
PISR-NSGA-II,Airy,1,13,0.5727964763,0.0000000000,3,4
PISR-NSGA-II,Airy,1,13,0.5727964763,0.0000000000,3,4
PISR-NSGA-II,Airy,1,13,0.5727964763,0.0000000000,3,4
PISR-NSGA-II,Airy,1,13,0.5727964763,0.0000000000,3,4
PISR-NSGA-II,Airy,1,13,0.5727964763,0.0000000000,3,4
PISR-NSGA-II,Airy,1,13,0.5727964763,0.0000000000,3,4
PISR-NSGA-II,Airy,1,13,0.5727964763,0.0000000000,3,4
PISR-NSGA-II,Airy,1,13,0.5727964763,0.0000000000,3,4
PISR-NSGA-II,Airy,1,13,0.5727964763,0.0000000000,3,4
PISR-NSGA-II,Airy,1,13,0.5727964763,0.0000000000,3,4
PISR-NSGA-II,Airy,1,13,0.5727964763,0.0000000000,3,4
PISR-NSGA-II,Airy,1,13,0.5727964763,0.0000000000,3,4
PISR-NSGA-II,Airy,1,13,0.5727964763,0.0000000000,3,4
PISR-NSGA-II,Airy,1,13,0.5727964763,0.0000000000,3,4
PISR-NSGA-II,Airy,1,13,0.5727964763,0.0000000000,3,4
PISR-NSGA-II,Airy,1,13,0.5727964763,0.0000000000,3,4
PISR-NSGA-II,Airy,1,13,0.5727964763,0.0000000000,3,4
PISR-NSGA-II,Airy,1,13,0.5727964763,0.0000000000,3,4
PISR-NSGA-II,Airy,1,13,0.5727964763,0.0000000000,3,4
PISR-NSGA-II,Airy,1,13,0.5727964763,0.0000000000,3,4
PISR-NSGA-II,Airy,1,13,0.5727964763,0.0000000000,3,4
PISR-NSGA-II,Airy,1,13,0.5727964763,0.0000000000,3,4
PISR-NSGA-II,Airy,1,13,0.5727964763,0.0000000000,3,4
PISR-NSGA-II,Airy,1,13,0.5727964763,0.0000000000,3,4
PISR-NSGA-II,Airy,1,13,0.5384736252,0.0000000000,4,4
PISR-NSGA-II,Airy,1,13,0.5384736253,0.0000000000,4,5
PISR-NSGA-II,Airy,1,13,0.5384736253,0.0000000000,4,5
PISR-NSGA-II,Airy,1,13,0.5384736253,0.0000000000,4,5
PISR-NSGA-II,Airy,1,13,0.5384736253,0.0000000000,4,5
PISR-NSGA-II,Airy,1,13,0.5384736253,0.0000000000,4,5
PISR-NSGA-II,Airy,1,13,0.5384736253,0.0000000000,4,5
PISR-NSGA-II,Airy,1,13,0.5384736253,0.0000000000,4,5
PISR-NSGA-II,Airy,1,13,0.5384736253,0.0000000000,4,5
PISR-NSGA-II,Airy,1,13,0.5384736253,0.0000000000,4,5
PISR-NSGA-II,Airy,1,13,0.5384736253,0.0000000000,4,5
PISR-NSGA-II,Airy,1,13,0.5384736253,0.0000000000,4,5
PISR-NSGA-II,Airy,1,13,0.5384736253,0.0000000000,4,5
PISR-NSGA-II,Airy,1,13,0.5384736253,0.0000000000,4,5
PISR-NSGA-II,Airy,1,13,0.5384736253,0.0000000000,4,5
PISR-NSGA-II,Airy,1,13,0.5384736253,0.0000000000,4,5
PISR-NSGA-II,Airy,1,13,0.5384736253,0.0000000000,4,5
PISR-NSGA-II,Airy,1,13,0.5384736253,0.0000000000,4,5
PISR-NSGA-II,Airy,1,13,0.0000847718,0.0000000000,6,5
PISR-NSGA-II,Airy,1,13,0.0008103140,0.0000000000,5,5
PISR-NSGA-II,Airy,1,13,0.5727964765,0.0000000000,3,5
PISR-NSGA-II,Airy,1,13,0.5384736253,0.0000000000,4,6
PISR-NSGA-II,Airy,1,13,0.0008103140,0.0000000000,5,6
PISR-NSGA-II,Airy,1,13,0.0000847718,0.0000000000,6,6
PISR-NSGA-II,Airy,1,13,0.5727964768,0.0000000000,3,6
PISR-NSGA-II,Airy,1,13,0.0000847718,0.0000000000,6,7
PISR-NSGA-II,Airy,1,13,0.5727964783,0.0000000000,3,7
PISR-NSGA-II,Airy,1,13,0.0000847718,0.0000000000,6,7
PISR-NSGA-II,Airy,1,13,0.0008103140,0.0000000000,5,7
PISR-NSGA-II,Airy,1,13,0.5384736253,0.0000000000,4,7
PISR-NSGA-II,Airy,1,14,0.0008103140,0.0000000000,5,1
PISR-NSGA-II,Airy,1,14,0.0000847718,0.0000000000,6,1
PISR-NSGA-II,Airy,1,14,0.0000847718,0.0000000000,6,1
PISR-NSGA-II,Airy,1,14,0.0000024422,0.0000000000,11,1
PISR-NSGA-II,Airy,1,14,0.0000847718,0.0000000000,6,1
PISR-NSGA-II,Airy,1,14,0.0008103140,0.0000000000,5,1
PISR-NSGA-II,Airy,1,14,0.5671227106,0.0000000000,3,1
PISR-NSGA-II,Airy,1,14,0.5384170309,0.0000000000,4,1
PISR-NSGA-II,Airy,1,14,0.0000847718,0.0000000000,6,2
PISR-NSGA-II,Airy,1,14,0.0000847718,0.0000000000,6,2
PISR-NSGA-II,Airy,1,14,0.0000847718,0.0000000000,6,2
PISR-NSGA-II,Airy,1,14,0.0000847718,0.0000000000,6,2
PISR-NSGA-II,Airy,1,14,0.0008103140,0.0000000000,5,2
PISR-NSGA-II,Airy,1,14,0.0000042268,0.0000000000,16,2
PISR-NSGA-II,Airy,1,14,0.0000847718,0.0000000000,6,2
PISR-NSGA-II,Airy,1,14,0.0000847718,0.0000000000,6,2
PISR-NSGA-II,Airy,1,14,0.0000847718,0.0000000000,6,2
PISR-NSGA-II,Airy,1,14,0.0000847718,0.0000000000,6,2
PISR-NSGA-II,Airy,1,14,0.0000071828,0.0000000000,11,2
PISR-NSGA-II,Airy,1,14,0.0000847718,0.0000000000,6,2
PISR-NSGA-II,Airy,1,14,0.0000847718,0.0000000000,6,2
PISR-NSGA-II,Airy,1,14,0.0000847718,0.0000000000,6,2
PISR-NSGA-II,Airy,1,14,0.5727964749,0.0000000000,3,2
PISR-NSGA-II,Airy,1,14,0.5727964749,0.0000000000,3,2
PISR-NSGA-II,Airy,1,14,0.5384736252,0.0000000000,4,2
PISR-NSGA-II,Airy,1,14,0.5384736252,0.0000000000,4,2
PISR-NSGA-II,Airy,1,14,0.5384736252,0.0000000000,4,2
PISR-NSGA-II,Airy,1,14,0.5384736252,0.0000000000,4,2
PISR-NSGA-II,Airy,1,14,0.5384736252,0.0000000000,4,2
PISR-NSGA-II,Airy,1,14,0.5384736252,0.0000000000,4,2
PISR-NSGA-II,Airy,1,14,0.5384736252,0.0000000000,4,2
PISR-NSGA-II,Airy,1,14,0.5384736252,0.0000000000,4,2
PISR-NSGA-II,Airy,1,14,0.5384736252,0.0000000000,4,2
PISR-NSGA-II,Airy,1,14,0.5384736252,0.0000000000,4,2
PISR-NSGA-II,Airy,1,14,0.5384736252,0.0000000000,4,2
PISR-NSGA-II,Airy,1,14,0.5384736252,0.0000000000,4,2
PISR-NSGA-II,Airy,1,14,0.5384736252,0.0000000000,4,2
PISR-NSGA-II,Airy,1,14,0.5384736252,0.0000000000,4,2
PISR-NSGA-II,Airy,1,14,0.5384736252,0.0000000000,4,2
PISR-NSGA-II,Airy,1,14,0.5384736252,0.0000000000,4,2
PISR-NSGA-II,Airy,1,14,0.5384736252,0.0000000000,4,2
PISR-NSGA-II,Airy,1,14,0.5384736252,0.0000000000,4,2
PISR-NSGA-II,Airy,1,14,0.5384736252,0.0000000000,4,2
PISR-NSGA-II,Airy,1,14,0.5384736252,0.0000000000,4,2
PISR-NSGA-II,Airy,1,14,0.5384736252,0.0000000000,4,2
PISR-NSGA-II,Airy,1,14,0.5384736252,0.0000000000,4,2
PISR-NSGA-II,Airy,1,14,0.5384736252,0.0000000000,4,2
PISR-NSGA-II,Airy,1,14,0.5384736252,0.0000000000,4,2
PISR-NSGA-II,Airy,1,14,0.5384736252,0.0000000000,4,2
PISR-NSGA-II,Airy,1,14,0.5384736252,0.0000000000,4,2
PISR-NSGA-II,Airy,1,14,0.5384736252,0.0000000000,4,2
PISR-NSGA-II,Airy,1,14,0.5384736252,0.0000000000,4,2
PISR-NSGA-II,Airy,1,14,0.5384736252,0.0000000000,4,2
PISR-NSGA-II,Airy,1,14,0.5384736252,0.0000000000,4,2
PISR-NSGA-II,Airy,1,14,0.5384736252,0.0000000000,4,2
PISR-NSGA-II,Airy,1,14,0.5384736252,0.0000000000,4,2
PISR-NSGA-II,Airy,1,14,0.5727964749,0.0000000000,3,2
PISR-NSGA-II,Airy,1,14,0.5384736252,0.0000000000,4,2
PISR-NSGA-II,Airy,1,14,0.5384736252,0.0000000000,4,2
PISR-NSGA-II,Airy,1,14,0.5384736252,0.0000000000,4,3
PISR-NSGA-II,Airy,1,14,0.0000200756,0.0000000000,14,3
PISR-NSGA-II,Airy,1,14,0.0008103140,0.0000000000,5,3
PISR-NSGA-II,Airy,1,14,0.0000847718,0.0000000000,6,3
PISR-NSGA-II,Airy,1,14,0.0000847718,0.0000000000,6,3
PISR-NSGA-II,Airy,1,14,0.0000847718,0.0000000000,6,3
PISR-NSGA-II,Airy,1,14,0.0000847718,0.0000000000,6,3
PISR-NSGA-II,Airy,1,14,0.0000847718,0.0000000000,6,3
PISR-NSGA-II,Airy,1,14,0.5727964759,0.0000000000,3,3
PISR-NSGA-II,Airy,1,14,0.5727964759,0.0000000000,3,3
PISR-NSGA-II,Airy,1,14,0.5727964759,0.0000000000,3,3
PISR-NSGA-II,Airy,1,14,0.5727964759,0.0000000000,3,3
PISR-NSGA-II,Airy,1,14,0.5727964759,0.0000000000,3,3
PISR-NSGA-II,Airy,1,14,0.5727964759,0.0000000000,3,3
PISR-NSGA-II,Airy,1,14,0.5727964759,0.0000000000,3,3
PISR-NSGA-II,Airy,1,14,0.5727964759,0.0000000000,3,3
PISR-NSGA-II,Airy,1,14,0.5727964759,0.0000000000,3,3
PISR-NSGA-II,Airy,1,14,0.5727964759,0.0000000000,3,3
PISR-NSGA-II,Airy,1,14,0.5727964759,0.0000000000,3,3
PISR-NSGA-II,Airy,1,14,0.5727964759,0.0000000000,3,3
PISR-NSGA-II,Airy,1,14,0.0000847718,0.0000000000,6,3
PISR-NSGA-II,Airy,1,14,0.5727964759,0.0000000000,3,3
PISR-NSGA-II,Airy,1,14,0.5727964759,0.0000000000,3,3
PISR-NSGA-II,Airy,1,14,0.5384736252,0.0000000000,4,4
PISR-NSGA-II,Airy,1,14,0.5384736252,0.0000000000,4,4
PISR-NSGA-II,Airy,1,14,0.5384736252,0.0000000000,4,4
PISR-NSGA-II,Airy,1,14,0.5384736252,0.0000000000,4,4
PISR-NSGA-II,Airy,1,14,0.5384736252,0.0000000000,4,4
PISR-NSGA-II,Airy,1,14,0.5384736252,0.0000000000,4,4
PISR-NSGA-II,Airy,1,14,0.5384736252,0.0000000000,4,4
PISR-NSGA-II,Airy,1,14,0.5384736252,0.0000000000,4,4
PISR-NSGA-II,Airy,1,14,0.5384736252,0.0000000000,4,4
PISR-NSGA-II,Airy,1,14,0.0008103140,0.0000000000,5,4
PISR-NSGA-II,Airy,1,14,0.0000847718,0.0000000000,6,4
PISR-NSGA-II,Airy,1,14,0.0000847718,0.0000000000,6,4
PISR-NSGA-II,Airy,1,14,0.0000847718,0.0000000000,6,4
PISR-NSGA-II,Airy,1,14,0.0000847718,0.0000000000,6,4
PISR-NSGA-II,Airy,1,14,0.0000847718,0.0000000000,6,4
PISR-NSGA-II,Airy,1,14,0.0000847718,0.0000000000,6,4
PISR-NSGA-II,Airy,1,14,0.0000847718,0.0000000000,6,4
PISR-NSGA-II,Airy,1,14,0.0000847718,0.0000000000,6,4
PISR-NSGA-II,Airy,1,14,0.5727964763,0.0000000000,3,4
PISR-NSGA-II,Airy,1,14,0.5727964763,0.0000000000,3,4
PISR-NSGA-II,Airy,1,14,0.5727964763,0.0000000000,3,4
PISR-NSGA-II,Airy,1,14,0.5727964763,0.0000000000,3,4
PISR-NSGA-II,Airy,1,14,0.5727964763,0.0000000000,3,4
PISR-NSGA-II,Airy,1,14,0.5727964763,0.0000000000,3,4
PISR-NSGA-II,Airy,1,14,0.5727964763,0.0000000000,3,4
PISR-NSGA-II,Airy,1,14,0.5727964763,0.0000000000,3,4
PISR-NSGA-II,Airy,1,14,0.5727964763,0.0000000000,3,4
PISR-NSGA-II,Airy,1,14,0.5727964763,0.0000000000,3,4
PISR-NSGA-II,Airy,1,14,0.5727964763,0.0000000000,3,4
PISR-NSGA-II,Airy,1,14,0.5727964763,0.0000000000,3,4
PISR-NSGA-II,Airy,1,14,0.5727964763,0.0000000000,3,4
PISR-NSGA-II,Airy,1,14,0.5727964763,0.0000000000,3,4
PISR-NSGA-II,Airy,1,14,0.5727964763,0.0000000000,3,4
PISR-NSGA-II,Airy,1,14,0.5727964763,0.0000000000,3,4
PISR-NSGA-II,Airy,1,14,0.5727964763,0.0000000000,3,4
PISR-NSGA-II,Airy,1,14,0.5727964763,0.0000000000,3,4
PISR-NSGA-II,Airy,1,14,0.5727964763,0.0000000000,3,4
PISR-NSGA-II,Airy,1,14,0.5727964763,0.0000000000,3,4
PISR-NSGA-II,Airy,1,14,0.5727964763,0.0000000000,3,4
PISR-NSGA-II,Airy,1,14,0.5727964763,0.0000000000,3,4
PISR-NSGA-II,Airy,1,14,0.5727964763,0.0000000000,3,4
PISR-NSGA-II,Airy,1,14,0.5727964763,0.0000000000,3,4
PISR-NSGA-II,Airy,1,14,0.5727964763,0.0000000000,3,4
PISR-NSGA-II,Airy,1,14,0.5727964763,0.0000000000,3,4
PISR-NSGA-II,Airy,1,14,0.5384736252,0.0000000000,4,4
PISR-NSGA-II,Airy,1,14,0.5727964763,0.0000000000,3,4
PISR-NSGA-II,Airy,1,14,0.5384736253,0.0000000000,4,5
PISR-NSGA-II,Airy,1,14,0.5384736253,0.0000000000,4,5
PISR-NSGA-II,Airy,1,14,0.5384736253,0.0000000000,4,5
PISR-NSGA-II,Airy,1,14,0.5384736253,0.0000000000,4,5
PISR-NSGA-II,Airy,1,14,0.5384736253,0.0000000000,4,5
PISR-NSGA-II,Airy,1,14,0.5384736253,0.0000000000,4,5
PISR-NSGA-II,Airy,1,14,0.5384736253,0.0000000000,4,5
PISR-NSGA-II,Airy,1,14,0.5384736253,0.0000000000,4,5
PISR-NSGA-II,Airy,1,14,0.5384736253,0.0000000000,4,5
PISR-NSGA-II,Airy,1,14,0.5384736253,0.0000000000,4,5
PISR-NSGA-II,Airy,1,14,0.5384736253,0.0000000000,4,5
PISR-NSGA-II,Airy,1,14,0.5384736253,0.0000000000,4,5
PISR-NSGA-II,Airy,1,14,0.5384736253,0.0000000000,4,5
PISR-NSGA-II,Airy,1,14,0.5384736253,0.0000000000,4,5
PISR-NSGA-II,Airy,1,14,0.5384736253,0.0000000000,4,5
PISR-NSGA-II,Airy,1,14,0.5384736253,0.0000000000,4,5
PISR-NSGA-II,Airy,1,14,0.5384736253,0.0000000000,4,5
PISR-NSGA-II,Airy,1,14,0.0000847718,0.0000000000,6,5
PISR-NSGA-II,Airy,1,14,0.0008103140,0.0000000000,5,5
PISR-NSGA-II,Airy,1,14,0.5727964765,0.0000000000,3,5
PISR-NSGA-II,Airy,1,14,0.5727964768,0.0000000000,3,6
PISR-NSGA-II,Airy,1,14,0.0000847718,0.0000000000,6,6
PISR-NSGA-II,Airy,1,15,0.0008103140,0.0000000000,5,1
PISR-NSGA-II,Airy,1,15,0.0000847718,0.0000000000,6,1
PISR-NSGA-II,Airy,1,15,0.0000847718,0.0000000000,6,1
PISR-NSGA-II,Airy,1,15,0.0000022110,0.0000000000,11,1
PISR-NSGA-II,Airy,1,15,0.0000847718,0.0000000000,6,1
PISR-NSGA-II,Airy,1,15,0.0008103140,0.0000000000,5,1
PISR-NSGA-II,Airy,1,15,0.5384736251,0.0000000000,4,1
PISR-NSGA-II,Airy,1,15,0.5669963660,0.0000000000,3,1
PISR-NSGA-II,Airy,1,15,0.0000847718,0.0000000000,6,2
PISR-NSGA-II,Airy,1,15,0.0000847718,0.0000000000,6,2
PISR-NSGA-II,Airy,1,15,0.0000847718,0.0000000000,6,2
PISR-NSGA-II,Airy,1,15,0.0000847718,0.0000000000,6,2
PISR-NSGA-II,Airy,1,15,0.0008103140,0.0000000000,5,2
PISR-NSGA-II,Airy,1,15,0.0000041963,0.0000000000,16,2
PISR-NSGA-II,Airy,1,15,0.0000847718,0.0000000000,6,2
PISR-NSGA-II,Airy,1,15,0.0000847718,0.0000000000,6,2
PISR-NSGA-II,Airy,1,15,0.0000847718,0.0000000000,6,2
PISR-NSGA-II,Airy,1,15,0.0000847718,0.0000000000,6,2
PISR-NSGA-II,Airy,1,15,0.0000055633,0.0000000000,11,2
PISR-NSGA-II,Airy,1,15,0.0000847718,0.0000000000,6,2
PISR-NSGA-II,Airy,1,15,0.0000847718,0.0000000000,6,2
PISR-NSGA-II,Airy,1,15,0.0000847718,0.0000000000,6,2
PISR-NSGA-II,Airy,1,15,0.5384736252,0.0000000000,4,2
PISR-NSGA-II,Airy,1,15,0.5384736252,0.0000000000,4,2
PISR-NSGA-II,Airy,1,15,0.5384736252,0.0000000000,4,2
PISR-NSGA-II,Airy,1,15,0.5384736252,0.0000000000,4,2
PISR-NSGA-II,Airy,1,15,0.5384736252,0.0000000000,4,2
PISR-NSGA-II,Airy,1,15,0.5384736252,0.0000000000,4,2
PISR-NSGA-II,Airy,1,15,0.5384736252,0.0000000000,4,2
PISR-NSGA-II,Airy,1,15,0.5384736252,0.0000000000,4,2
PISR-NSGA-II,Airy,1,15,0.5384736252,0.0000000000,4,2
PISR-NSGA-II,Airy,1,15,0.5384736252,0.0000000000,4,2
PISR-NSGA-II,Airy,1,15,0.5384736252,0.0000000000,4,2
PISR-NSGA-II,Airy,1,15,0.5384736252,0.0000000000,4,2
PISR-NSGA-II,Airy,1,15,0.5384736252,0.0000000000,4,2
PISR-NSGA-II,Airy,1,15,0.5384736252,0.0000000000,4,2
PISR-NSGA-II,Airy,1,15,0.5384736252,0.0000000000,4,2
PISR-NSGA-II,Airy,1,15,0.5384736252,0.0000000000,4,2
PISR-NSGA-II,Airy,1,15,0.5384736252,0.0000000000,4,2
PISR-NSGA-II,Airy,1,15,0.5384736252,0.0000000000,4,2
PISR-NSGA-II,Airy,1,15,0.5384736252,0.0000000000,4,2
PISR-NSGA-II,Airy,1,15,0.5384736252,0.0000000000,4,2
PISR-NSGA-II,Airy,1,15,0.5384736252,0.0000000000,4,2
PISR-NSGA-II,Airy,1,15,0.5384736252,0.0000000000,4,2
PISR-NSGA-II,Airy,1,15,0.5384736252,0.0000000000,4,2
PISR-NSGA-II,Airy,1,15,0.5384736252,0.0000000000,4,2
PISR-NSGA-II,Airy,1,15,0.5384736252,0.0000000000,4,2
PISR-NSGA-II,Airy,1,15,0.5384736252,0.0000000000,4,2
PISR-NSGA-II,Airy,1,15,0.5384736252,0.0000000000,4,2
PISR-NSGA-II,Airy,1,15,0.5384736252,0.0000000000,4,2
PISR-NSGA-II,Airy,1,15,0.5384736252,0.0000000000,4,2
PISR-NSGA-II,Airy,1,15,0.5384736252,0.0000000000,4,2
PISR-NSGA-II,Airy,1,15,0.5384736252,0.0000000000,4,2
PISR-NSGA-II,Airy,1,15,0.5384736252,0.0000000000,4,2
PISR-NSGA-II,Airy,1,15,0.5384736252,0.0000000000,4,2
PISR-NSGA-II,Airy,1,15,0.5384736252,0.0000000000,4,2
PISR-NSGA-II,Airy,1,15,0.5384736252,0.0000000000,4,2
PISR-NSGA-II,Airy,1,15,0.0000041963,0.0000000000,16,2
PISR-NSGA-II,Airy,1,15,0.5384736252,0.0000000000,4,2
PISR-NSGA-II,Airy,1,15,0.5384736252,0.0000000000,4,2
PISR-NSGA-II,Airy,1,15,0.5674172427,0.0000000000,3,2
PISR-NSGA-II,Airy,1,15,0.5384736252,0.0000000000,4,2
PISR-NSGA-II,Airy,1,15,0.5384736252,0.0000000000,4,2
PISR-NSGA-II,Airy,1,15,0.5384736252,0.0000000000,4,2
PISR-NSGA-II,Airy,1,15,0.5384736252,0.0000000000,4,3
PISR-NSGA-II,Airy,1,15,0.0000200367,0.0000000000,14,3
PISR-NSGA-II,Airy,1,15,0.0008103140,0.0000000000,5,3
PISR-NSGA-II,Airy,1,15,0.0000847718,0.0000000000,6,3
PISR-NSGA-II,Airy,1,15,0.0000847718,0.0000000000,6,3
PISR-NSGA-II,Airy,1,15,0.0000847718,0.0000000000,6,3
PISR-NSGA-II,Airy,1,15,0.0000847718,0.0000000000,6,3
PISR-NSGA-II,Airy,1,15,0.0000847718,0.0000000000,6,3
PISR-NSGA-II,Airy,1,15,0.0000847718,0.0000000000,6,3
PISR-NSGA-II,Airy,1,15,0.5680879661,0.0000000000,3,3
PISR-NSGA-II,Airy,1,15,0.5384736252,0.0000000000,4,4
PISR-NSGA-II,Airy,1,15,0.5384736252,0.0000000000,4,4
PISR-NSGA-II,Airy,1,15,0.5384736252,0.0000000000,4,4
PISR-NSGA-II,Airy,1,15,0.5384736252,0.0000000000,4,4
PISR-NSGA-II,Airy,1,15,0.5384736252,0.0000000000,4,4
PISR-NSGA-II,Airy,1,15,0.5384736252,0.0000000000,4,4
PISR-NSGA-II,Airy,1,15,0.5384736252,0.0000000000,4,4
PISR-NSGA-II,Airy,1,15,0.5384736252,0.0000000000,4,4
PISR-NSGA-II,Airy,1,15,0.5384736252,0.0000000000,4,4
PISR-NSGA-II,Airy,1,15,0.0008103140,0.0000000000,5,4
PISR-NSGA-II,Airy,1,15,0.0000847718,0.0000000000,6,4
PISR-NSGA-II,Airy,1,15,0.0000847718,0.0000000000,6,4
PISR-NSGA-II,Airy,1,15,0.0000847718,0.0000000000,6,4
PISR-NSGA-II,Airy,1,15,0.0000847718,0.0000000000,6,4
PISR-NSGA-II,Airy,1,15,0.0000847718,0.0000000000,6,4
PISR-NSGA-II,Airy,1,15,0.0000847718,0.0000000000,6,4
PISR-NSGA-II,Airy,1,15,0.0000847718,0.0000000000,6,4
PISR-NSGA-II,Airy,1,15,0.0000847718,0.0000000000,6,4
PISR-NSGA-II,Airy,1,15,0.5384736252,0.0000000000,4,4
PISR-NSGA-II,Airy,1,15,0.5688942022,0.0000000000,3,4
PISR-NSGA-II,Airy,1,15,0.5384736253,0.0000000000,4,5
PISR-NSGA-II,Airy,1,15,0.5384736253,0.0000000000,4,5
PISR-NSGA-II,Airy,1,15,0.5384736253,0.0000000000,4,5
PISR-NSGA-II,Airy,1,15,0.5384736253,0.0000000000,4,5
PISR-NSGA-II,Airy,1,15,0.5384736253,0.0000000000,4,5
PISR-NSGA-II,Airy,1,15,0.5384736253,0.0000000000,4,5
PISR-NSGA-II,Airy,1,15,0.5384736253,0.0000000000,4,5
PISR-NSGA-II,Airy,1,15,0.5384736253,0.0000000000,4,5
PISR-NSGA-II,Airy,1,15,0.5384736253,0.0000000000,4,5
PISR-NSGA-II,Airy,1,15,0.5384736253,0.0000000000,4,5
PISR-NSGA-II,Airy,1,15,0.5384736253,0.0000000000,4,5
PISR-NSGA-II,Airy,1,15,0.5384736253,0.0000000000,4,5
PISR-NSGA-II,Airy,1,15,0.5384736253,0.0000000000,4,5
PISR-NSGA-II,Airy,1,15,0.5384736253,0.0000000000,4,5
PISR-NSGA-II,Airy,1,15,0.5384736253,0.0000000000,4,5
PISR-NSGA-II,Airy,1,15,0.5384736253,0.0000000000,4,5
PISR-NSGA-II,Airy,1,15,0.5384736253,0.0000000000,4,5
PISR-NSGA-II,Airy,1,15,0.0000847718,0.0000000000,6,5
PISR-NSGA-II,Airy,1,15,0.0008103140,0.0000000000,5,5
PISR-NSGA-II,Airy,1,15,0.5725634167,0.0000000000,3,5
PISR-NSGA-II,Airy,1,15,0.5727964749,0.0000000000,3,6
PISR-NSGA-II,Airy,1,15,0.5727964749,0.0000000000,3,6
PISR-NSGA-II,Airy,1,15,0.5727964749,0.0000000000,3,6
PISR-NSGA-II,Airy,1,15,0.0000847718,0.0000000000,6,6
PISR-NSGA-II,Airy,1,15,0.5727964749,0.0000000000,3,6
PISR-NSGA-II,Airy,1,15,0.0152341413,0.0000000000,5,6
PISR-NSGA-II,Airy,1,15,0.5414433461,0.0000000000,4,6
PISR-NSGA-II,Airy,1,15,0.5727964759,0.0000000000,3,7
PISR-NSGA-II,Airy,1,15,0.5727964759,0.0000000000,3,7
PISR-NSGA-II,Airy,1,15,0.5727964759,0.0000000000,3,7
PISR-NSGA-II,Airy,1,15,0.5727964759,0.0000000000,3,7
PISR-NSGA-II,Airy,1,15,0.5727964759,0.0000000000,3,7
PISR-NSGA-II,Airy,1,15,0.5727964759,0.0000000000,3,7
PISR-NSGA-II,Airy,1,15,0.5727964759,0.0000000000,3,7
PISR-NSGA-II,Airy,1,15,0.5727964759,0.0000000000,3,7
PISR-NSGA-II,Airy,1,15,0.5727964759,0.0000000000,3,7
PISR-NSGA-II,Airy,1,15,0.5727964759,0.0000000000,3,7
PISR-NSGA-II,Airy,1,15,0.5727964759,0.0000000000,3,7
PISR-NSGA-II,Airy,1,15,0.5727964759,0.0000000000,3,7
PISR-NSGA-II,Airy,1,15,0.5727964759,0.0000000000,3,7
PISR-NSGA-II,Airy,1,15,0.5727964759,0.0000000000,3,7
PISR-NSGA-II,Airy,1,15,0.0363763341,0.0000000000,5,7
PISR-NSGA-II,Airy,1,15,0.5727964759,0.0000000000,3,7
PISR-NSGA-II,Airy,1,15,0.5727964759,0.0000000000,3,7
PISR-NSGA-II,Airy,1,15,0.0000981845,0.0000000000,6,7
PISR-NSGA-II,Airy,1,15,0.5432810803,0.0000000000,4,7
PISR-NSGA-II,Airy,1,15,0.5727964759,0.0000000000,3,7
PISR-NSGA-II,Airy,1,15,0.5727964759,0.0000000000,3,7
PISR-NSGA-II,Airy,1,15,0.5727964759,0.0000000000,3,7
PISR-NSGA-II,Airy,1,15,0.5727964763,0.0000000000,3,8
PISR-NSGA-II,Airy,1,15,0.0001661689,0.0000000000,6,8
PISR-NSGA-II,Airy,1,15,0.1144001091,0.0000000000,5,8
PISR-NSGA-II,Airy,1,15,0.5437670336,0.0000000000,4,8
PISR-NSGA-II,Airy,1,15,0.5727964763,0.0000000000,3,8
PISR-NSGA-II,Airy,1,15,0.5727964763,0.0000000000,3,8
PISR-NSGA-II,Airy,1,15,0.5727964763,0.0000000000,3,8
PISR-NSGA-II,Airy,1,16,0.0000852278,0.0000000000,6,1
PISR-NSGA-II,Airy,1,16,0.0000852278,0.0000000000,6,1
PISR-NSGA-II,Airy,1,16,0.0000019883,0.0000000000,11,1
PISR-NSGA-II,Airy,1,16,0.0000852278,0.0000000000,6,1
PISR-NSGA-II,Airy,1,16,0.0008003341,0.0000000000,5,1
PISR-NSGA-II,Airy,1,16,0.5485523766,0.0000000000,3,1
PISR-NSGA-II,Airy,1,16,0.5206334094,0.0000000000,4,1
PISR-NSGA-II,Airy,1,16,0.0008010336,0.0000000000,5,2
PISR-NSGA-II,Airy,1,16,0.0008010336,0.0000000000,5,2
PISR-NSGA-II,Airy,1,16,0.0000852278,0.0000000000,6,2
PISR-NSGA-II,Airy,1,16,0.0000852278,0.0000000000,6,2
PISR-NSGA-II,Airy,1,16,0.0000852278,0.0000000000,6,2
PISR-NSGA-II,Airy,1,16,0.0000852278,0.0000000000,6,2
PISR-NSGA-II,Airy,1,16,0.0000041361,0.0000000000,16,2
PISR-NSGA-II,Airy,1,16,0.0000852278,0.0000000000,6,2
PISR-NSGA-II,Airy,1,16,0.0000852278,0.0000000000,6,2
PISR-NSGA-II,Airy,1,16,0.0000852278,0.0000000000,6,2
PISR-NSGA-II,Airy,1,16,0.0000852278,0.0000000000,6,2
PISR-NSGA-II,Airy,1,16,0.0000041439,0.0000000000,11,2
PISR-NSGA-II,Airy,1,16,0.0000852278,0.0000000000,6,2
PISR-NSGA-II,Airy,1,16,0.0000852278,0.0000000000,6,2
PISR-NSGA-II,Airy,1,16,0.0000852278,0.0000000000,6,2
PISR-NSGA-II,Airy,1,16,0.5207290932,0.0000000000,4,2
PISR-NSGA-II,Airy,1,16,0.5207290932,0.0000000000,4,2
PISR-NSGA-II,Airy,1,16,0.5207290932,0.0000000000,4,2
PISR-NSGA-II,Airy,1,16,0.5207290932,0.0000000000,4,2
PISR-NSGA-II,Airy,1,16,0.5207290932,0.0000000000,4,2
PISR-NSGA-II,Airy,1,16,0.5207290932,0.0000000000,4,2
PISR-NSGA-II,Airy,1,16,0.5207290932,0.0000000000,4,2
PISR-NSGA-II,Airy,1,16,0.5207290932,0.0000000000,4,2
PISR-NSGA-II,Airy,1,16,0.5207290932,0.0000000000,4,2
PISR-NSGA-II,Airy,1,16,0.5207290932,0.0000000000,4,2
PISR-NSGA-II,Airy,1,16,0.5207290932,0.0000000000,4,2
PISR-NSGA-II,Airy,1,16,0.5207290932,0.0000000000,4,2
PISR-NSGA-II,Airy,1,16,0.5207290932,0.0000000000,4,2
PISR-NSGA-II,Airy,1,16,0.5207290932,0.0000000000,4,2
PISR-NSGA-II,Airy,1,16,0.5207290932,0.0000000000,4,2
PISR-NSGA-II,Airy,1,16,0.5207290932,0.0000000000,4,2
PISR-NSGA-II,Airy,1,16,0.5207290932,0.0000000000,4,2
PISR-NSGA-II,Airy,1,16,0.5207290932,0.0000000000,4,2
PISR-NSGA-II,Airy,1,16,0.5207290932,0.0000000000,4,2
PISR-NSGA-II,Airy,1,16,0.5207290932,0.0000000000,4,2
PISR-NSGA-II,Airy,1,16,0.5207290932,0.0000000000,4,2
PISR-NSGA-II,Airy,1,16,0.5207290932,0.0000000000,4,2
PISR-NSGA-II,Airy,1,16,0.5207290932,0.0000000000,4,2
PISR-NSGA-II,Airy,1,16,0.5207290932,0.0000000000,4,2
PISR-NSGA-II,Airy,1,16,0.5207290932,0.0000000000,4,2
PISR-NSGA-II,Airy,1,16,0.5207290932,0.0000000000,4,2
PISR-NSGA-II,Airy,1,16,0.5207290932,0.0000000000,4,2
PISR-NSGA-II,Airy,1,16,0.5207290932,0.0000000000,4,2
PISR-NSGA-II,Airy,1,16,0.5207290932,0.0000000000,4,2
PISR-NSGA-II,Airy,1,16,0.5207290932,0.0000000000,4,2
PISR-NSGA-II,Airy,1,16,0.5207290932,0.0000000000,4,2
PISR-NSGA-II,Airy,1,16,0.5207290932,0.0000000000,4,2
PISR-NSGA-II,Airy,1,16,0.5207290932,0.0000000000,4,2
PISR-NSGA-II,Airy,1,16,0.5207290932,0.0000000000,4,2
PISR-NSGA-II,Airy,1,16,0.5207290932,0.0000000000,4,2
PISR-NSGA-II,Airy,1,16,0.0000041361,0.0000000000,16,2
PISR-NSGA-II,Airy,1,16,0.5207290932,0.0000000000,4,2
PISR-NSGA-II,Airy,1,16,0.5207290932,0.0000000000,4,2
PISR-NSGA-II,Airy,1,16,0.5207290932,0.0000000000,4,2
PISR-NSGA-II,Airy,1,16,0.5207290932,0.0000000000,4,2
PISR-NSGA-II,Airy,1,16,0.5207290932,0.0000000000,4,2
PISR-NSGA-II,Airy,1,16,0.5492414637,0.0000000000,3,2
PISR-NSGA-II,Airy,1,16,0.5492414637,0.0000000000,3,2
PISR-NSGA-II,Airy,1,16,0.5492414637,0.0000000000,3,2
PISR-NSGA-II,Airy,1,16,0.5492414637,0.0000000000,3,2
PISR-NSGA-II,Airy,1,16,0.5207290932,0.0000000000,4,2
PISR-NSGA-II,Airy,1,16,0.5492414637,0.0000000000,3,2
PISR-NSGA-II,Airy,1,16,0.5207290932,0.0000000000,4,2
PISR-NSGA-II,Airy,1,16,0.5207290932,0.0000000000,4,2
PISR-NSGA-II,Airy,1,16,0.0008010336,0.0000000000,5,3
PISR-NSGA-II,Airy,1,16,0.0000197606,0.0000000000,14,3
PISR-NSGA-II,Airy,1,16,0.0000852279,0.0000000000,6,3
PISR-NSGA-II,Airy,1,16,0.0000852279,0.0000000000,6,3
PISR-NSGA-II,Airy,1,16,0.0000852279,0.0000000000,6,3
PISR-NSGA-II,Airy,1,16,0.0000852279,0.0000000000,6,3
PISR-NSGA-II,Airy,1,16,0.0000852279,0.0000000000,6,3
PISR-NSGA-II,Airy,1,16,0.0000852279,0.0000000000,6,3
PISR-NSGA-II,Airy,1,16,0.5492414643,0.0000000000,3,3
PISR-NSGA-II,Airy,1,16,0.5492414643,0.0000000000,3,3
PISR-NSGA-II,Airy,1,16,0.5492414643,0.0000000000,3,3
PISR-NSGA-II,Airy,1,16,0.5492414643,0.0000000000,3,3
PISR-NSGA-II,Airy,1,16,0.5492414643,0.0000000000,3,3
PISR-NSGA-II,Airy,1,16,0.5492414643,0.0000000000,3,3
PISR-NSGA-II,Airy,1,16,0.5492414643,0.0000000000,3,3
PISR-NSGA-II,Airy,1,16,0.5492414643,0.0000000000,3,3
PISR-NSGA-II,Airy,1,16,0.5492414643,0.0000000000,3,3
PISR-NSGA-II,Airy,1,16,0.5492414643,0.0000000000,3,3
PISR-NSGA-II,Airy,1,16,0.5492414643,0.0000000000,3,3
PISR-NSGA-II,Airy,1,16,0.5492414643,0.0000000000,3,3
PISR-NSGA-II,Airy,1,16,0.5492414643,0.0000000000,3,3
PISR-NSGA-II,Airy,1,16,0.5492414643,0.0000000000,3,3
PISR-NSGA-II,Airy,1,16,0.5492414643,0.0000000000,3,3
PISR-NSGA-II,Airy,1,16,0.5492414643,0.0000000000,3,3
PISR-NSGA-II,Airy,1,16,0.5207290932,0.0000000000,4,3
PISR-NSGA-II,Airy,1,16,0.5492414643,0.0000000000,3,3
PISR-NSGA-II,Airy,1,16,0.5492414643,0.0000000000,3,3
PISR-NSGA-II,Airy,1,16,0.5492414643,0.0000000000,3,3
PISR-NSGA-II,Airy,1,16,0.5492414643,0.0000000000,3,3
PISR-NSGA-II,Airy,1,16,0.0008010336,0.0000000000,5,4
PISR-NSGA-II,Airy,1,16,0.0000852279,0.0000000000,6,4
PISR-NSGA-II,Airy,1,16,0.0000852279,0.0000000000,6,4
PISR-NSGA-II,Airy,1,16,0.0000852279,0.0000000000,6,4
PISR-NSGA-II,Airy,1,16,0.0000852279,0.0000000000,6,4
PISR-NSGA-II,Airy,1,16,0.0000852279,0.0000000000,6,4
PISR-NSGA-II,Airy,1,16,0.0000852279,0.0000000000,6,4
PISR-NSGA-II,Airy,1,16,0.0000852279,0.0000000000,6,4
PISR-NSGA-II,Airy,1,16,0.0000852279,0.0000000000,6,4
PISR-NSGA-II,Airy,1,16,0.5492414645,0.0000000000,3,4
PISR-NSGA-II,Airy,1,16,0.5207290933,0.0000000000,4,4
PISR-NSGA-II,Airy,1,16,0.5492414645,0.0000000000,3,4
PISR-NSGA-II,Airy,1,16,0.5492414645,0.0000000000,3,4
PISR-NSGA-II,Airy,1,16,0.5492414645,0.0000000000,3,4
PISR-NSGA-II,Airy,1,16,0.5207290933,0.0000000000,4,5
PISR-NSGA-II,Airy,1,16,0.0008010336,0.0000000000,5,5
PISR-NSGA-II,Airy,1,16,0.5492414648,0.0000000000,3,5
PISR-NSGA-II,Airy,1,16,0.0000852279,0.0000000000,6,5
PISR-NSGA-II,Airy,1,16,0.5207290933,0.0000000000,4,6
PISR-NSGA-II,Airy,1,16,0.5207290933,0.0000000000,4,6
PISR-NSGA-II,Airy,1,16,0.5207290933,0.0000000000,4,6
PISR-NSGA-II,Airy,1,16,0.5207290933,0.0000000000,4,6
PISR-NSGA-II,Airy,1,16,0.5207290933,0.0000000000,4,6
PISR-NSGA-II,Airy,1,16,0.5207290933,0.0000000000,4,6
PISR-NSGA-II,Airy,1,16,0.5207290933,0.0000000000,4,6
PISR-NSGA-II,Airy,1,16,0.5207290933,0.0000000000,4,6
PISR-NSGA-II,Airy,1,16,0.5207290933,0.0000000000,4,6
PISR-NSGA-II,Airy,1,16,0.5207290933,0.0000000000,4,6
PISR-NSGA-II,Airy,1,16,0.0008010336,0.0000000000,5,6
PISR-NSGA-II,Airy,1,16,0.5492414653,0.0000000000,3,6
PISR-NSGA-II,Airy,1,16,0.0000852279,0.0000000000,6,6
PISR-NSGA-II,Airy,1,16,0.5207290933,0.0000000000,4,7
PISR-NSGA-II,Airy,1,16,0.5492414655,0.0000000000,3,7
PISR-NSGA-II,Airy,1,16,0.0008020072,0.0000000000,5,7
PISR-NSGA-II,Airy,1,16,0.0000852565,0.0000000000,6,7
PISR-NSGA-II,Airy,1,16,0.5492414657,0.0000000000,3,8
PISR-NSGA-II,Airy,1,16,0.0001053310,0.0000000000,6,8
PISR-NSGA-II,Airy,1,16,0.0008044470,0.0000000000,5,8
PISR-NSGA-II,Airy,1,16,0.5207290934,0.0000000000,4,8
PISR-NSGA-II,Airy,1,16,0.5207290934,0.0000000000,4,8
PISR-NSGA-II,Airy,1,16,0.5207290934,0.0000000000,4,8
PISR-NSGA-II,Airy,1,16,0.5207290934,0.0000000000,4,8
PISR-NSGA-II,Airy,1,16,0.5207290934,0.0000000000,4,8
PISR-NSGA-II,Airy,1,16,0.5207290934,0.0000000000,4,8
PISR-NSGA-II,Airy,1,16,0.5207290934,0.0000000000,4,8
PISR-NSGA-II,Airy,1,16,0.5207290934,0.0000000000,4,8
PISR-NSGA-II,Airy,1,16,0.5207290934,0.0000000000,4,8
PISR-NSGA-II,Airy,1,16,0.5207290934,0.0000000000,4,8
PISR-NSGA-II,Airy,1,16,0.5207290934,0.0000000000,4,8
PISR-NSGA-II,Airy,1,16,0.5207290934,0.0000000000,4,8
PISR-NSGA-II,Airy,1,17,0.0000852279,0.0000000000,6,1
PISR-NSGA-II,Airy,1,17,0.0000852279,0.0000000000,6,1
PISR-NSGA-II,Airy,1,17,0.0000018849,0.0000000000,11,1
PISR-NSGA-II,Airy,1,17,0.0000852279,0.0000000000,6,1
PISR-NSGA-II,Airy,1,17,0.0008010317,0.0000000000,5,1
PISR-NSGA-II,Airy,1,17,0.5473014294,0.0000000000,3,1
PISR-NSGA-II,Airy,1,17,0.5206333323,0.0000000000,4,1
PISR-NSGA-II,Airy,1,17,0.0008010336,0.0000000000,5,2
PISR-NSGA-II,Airy,1,17,0.0008010336,0.0000000000,5,2
PISR-NSGA-II,Airy,1,17,0.0000852279,0.0000000000,6,2
PISR-NSGA-II,Airy,1,17,0.0000852279,0.0000000000,6,2
PISR-NSGA-II,Airy,1,17,0.0000852279,0.0000000000,6,2
PISR-NSGA-II,Airy,1,17,0.0000852279,0.0000000000,6,2
PISR-NSGA-II,Airy,1,17,0.0000852279,0.0000000000,6,2
PISR-NSGA-II,Airy,1,17,0.0000852279,0.0000000000,6,2
PISR-NSGA-II,Airy,1,17,0.0000852279,0.0000000000,6,2
PISR-NSGA-II,Airy,1,17,0.0000852279,0.0000000000,6,2
PISR-NSGA-II,Airy,1,17,0.0000034045,0.0000000000,11,2
PISR-NSGA-II,Airy,1,17,0.0000852279,0.0000000000,6,2
PISR-NSGA-II,Airy,1,17,0.0000852279,0.0000000000,6,2
PISR-NSGA-II,Airy,1,17,0.0000852279,0.0000000000,6,2
PISR-NSGA-II,Airy,1,17,0.5207290932,0.0000000000,4,2
PISR-NSGA-II,Airy,1,17,0.5207290932,0.0000000000,4,2
PISR-NSGA-II,Airy,1,17,0.5207290932,0.0000000000,4,2
PISR-NSGA-II,Airy,1,17,0.5207290932,0.0000000000,4,2
PISR-NSGA-II,Airy,1,17,0.5207290932,0.0000000000,4,2
PISR-NSGA-II,Airy,1,17,0.5207290932,0.0000000000,4,2
PISR-NSGA-II,Airy,1,17,0.5207290932,0.0000000000,4,2
PISR-NSGA-II,Airy,1,17,0.5207290932,0.0000000000,4,2
PISR-NSGA-II,Airy,1,17,0.5207290932,0.0000000000,4,2
PISR-NSGA-II,Airy,1,17,0.5207290932,0.0000000000,4,2
PISR-NSGA-II,Airy,1,17,0.5207290932,0.0000000000,4,2
PISR-NSGA-II,Airy,1,17,0.5207290932,0.0000000000,4,2
PISR-NSGA-II,Airy,1,17,0.5207290932,0.0000000000,4,2
PISR-NSGA-II,Airy,1,17,0.5207290932,0.0000000000,4,2
PISR-NSGA-II,Airy,1,17,0.5207290932,0.0000000000,4,2
PISR-NSGA-II,Airy,1,17,0.5207290932,0.0000000000,4,2
PISR-NSGA-II,Airy,1,17,0.5207290932,0.0000000000,4,2
PISR-NSGA-II,Airy,1,17,0.5207290932,0.0000000000,4,2
PISR-NSGA-II,Airy,1,17,0.5207290932,0.0000000000,4,2
PISR-NSGA-II,Airy,1,17,0.5207290932,0.0000000000,4,2
PISR-NSGA-II,Airy,1,17,0.5207290932,0.0000000000,4,2
PISR-NSGA-II,Airy,1,17,0.5207290932,0.0000000000,4,2
PISR-NSGA-II,Airy,1,17,0.5207290932,0.0000000000,4,2
PISR-NSGA-II,Airy,1,17,0.5207290932,0.0000000000,4,2
PISR-NSGA-II,Airy,1,17,0.5207290932,0.0000000000,4,2
PISR-NSGA-II,Airy,1,17,0.5207290932,0.0000000000,4,2
PISR-NSGA-II,Airy,1,17,0.5207290932,0.0000000000,4,2
PISR-NSGA-II,Airy,1,17,0.5207290932,0.0000000000,4,2
PISR-NSGA-II,Airy,1,17,0.5207290932,0.0000000000,4,2
PISR-NSGA-II,Airy,1,17,0.5207290932,0.0000000000,4,2
PISR-NSGA-II,Airy,1,17,0.5207290932,0.0000000000,4,2
PISR-NSGA-II,Airy,1,17,0.5207290932,0.0000000000,4,2
PISR-NSGA-II,Airy,1,17,0.5207290932,0.0000000000,4,2
PISR-NSGA-II,Airy,1,17,0.5207290932,0.0000000000,4,2
PISR-NSGA-II,Airy,1,17,0.5207290932,0.0000000000,4,2
PISR-NSGA-II,Airy,1,17,0.5207290932,0.0000000000,4,2
PISR-NSGA-II,Airy,1,17,0.5207290932,0.0000000000,4,2
PISR-NSGA-II,Airy,1,17,0.5207290932,0.0000000000,4,2
PISR-NSGA-II,Airy,1,17,0.5207290932,0.0000000000,4,2
PISR-NSGA-II,Airy,1,17,0.5207290932,0.0000000000,4,2
PISR-NSGA-II,Airy,1,17,0.5207290932,0.0000000000,4,2
PISR-NSGA-II,Airy,1,17,0.5207290932,0.0000000000,4,2
PISR-NSGA-II,Airy,1,17,0.5207290932,0.0000000000,4,2
PISR-NSGA-II,Airy,1,17,0.0000852279,0.0000000000,6,2
PISR-NSGA-II,Airy,1,17,0.5481045524,0.0000000000,3,2
PISR-NSGA-II,Airy,1,17,0.0000852279,0.0000000000,6,2
PISR-NSGA-II,Airy,1,17,0.5207290932,0.0000000000,4,2
PISR-NSGA-II,Airy,1,17,0.5207290932,0.0000000000,4,2
PISR-NSGA-II,Airy,1,17,0.0000041252,0.0000000000,16,3
PISR-NSGA-II,Airy,1,17,0.0000041252,0.0000000000,16,3
PISR-NSGA-II,Airy,1,17,0.5492414637,0.0000000000,3,3
PISR-NSGA-II,Airy,1,17,0.5492414637,0.0000000000,3,3
PISR-NSGA-II,Airy,1,17,0.5492414637,0.0000000000,3,3
PISR-NSGA-II,Airy,1,17,0.5492414637,0.0000000000,3,3
PISR-NSGA-II,Airy,1,17,0.5492414637,0.0000000000,3,3
PISR-NSGA-II,Airy,1,17,0.0008010336,0.0000000000,5,3
PISR-NSGA-II,Airy,1,17,0.0000197520,0.0000000000,14,3
PISR-NSGA-II,Airy,1,17,0.0000852279,0.0000000000,6,3
PISR-NSGA-II,Airy,1,17,0.0000852279,0.0000000000,6,3
PISR-NSGA-II,Airy,1,17,0.0000852279,0.0000000000,6,3
PISR-NSGA-II,Airy,1,17,0.0000852279,0.0000000000,6,3
PISR-NSGA-II,Airy,1,17,0.0000852279,0.0000000000,6,3
PISR-NSGA-II,Airy,1,17,0.0000852279,0.0000000000,6,3
PISR-NSGA-II,Airy,1,17,0.5207290932,0.0000000000,4,3
PISR-NSGA-II,Airy,1,17,0.5492414643,0.0000000000,3,4
PISR-NSGA-II,Airy,1,17,0.5492414643,0.0000000000,3,4
PISR-NSGA-II,Airy,1,17,0.5492414643,0.0000000000,3,4
PISR-NSGA-II,Airy,1,17,0.5492414643,0.0000000000,3,4
PISR-NSGA-II,Airy,1,17,0.5492414643,0.0000000000,3,4
PISR-NSGA-II,Airy,1,17,0.5492414643,0.0000000000,3,4
PISR-NSGA-II,Airy,1,17,0.5492414643,0.0000000000,3,4
PISR-NSGA-II,Airy,1,17,0.5492414643,0.0000000000,3,4
PISR-NSGA-II,Airy,1,17,0.5492414643,0.0000000000,3,4
PISR-NSGA-II,Airy,1,17,0.5492414643,0.0000000000,3,4
PISR-NSGA-II,Airy,1,17,0.5492414643,0.0000000000,3,4
PISR-NSGA-II,Airy,1,17,0.5492414643,0.0000000000,3,4
PISR-NSGA-II,Airy,1,17,0.5492414643,0.0000000000,3,4
PISR-NSGA-II,Airy,1,17,0.5492414643,0.0000000000,3,4
PISR-NSGA-II,Airy,1,17,0.5492414643,0.0000000000,3,4
PISR-NSGA-II,Airy,1,17,0.5492414643,0.0000000000,3,4
PISR-NSGA-II,Airy,1,17,0.5492414643,0.0000000000,3,4
PISR-NSGA-II,Airy,1,17,0.5492414643,0.0000000000,3,4
PISR-NSGA-II,Airy,1,17,0.5492414643,0.0000000000,3,4
PISR-NSGA-II,Airy,1,17,0.5492414643,0.0000000000,3,4
PISR-NSGA-II,Airy,1,17,0.0008010336,0.0000000000,5,4
PISR-NSGA-II,Airy,1,17,0.0000852279,0.0000000000,6,4
PISR-NSGA-II,Airy,1,17,0.0000852279,0.0000000000,6,4
PISR-NSGA-II,Airy,1,17,0.0000852279,0.0000000000,6,4
PISR-NSGA-II,Airy,1,17,0.0000852279,0.0000000000,6,4
PISR-NSGA-II,Airy,1,17,0.0000852279,0.0000000000,6,4
PISR-NSGA-II,Airy,1,17,0.0000852279,0.0000000000,6,4
PISR-NSGA-II,Airy,1,17,0.0000852279,0.0000000000,6,4
PISR-NSGA-II,Airy,1,17,0.0000852279,0.0000000000,6,4
PISR-NSGA-II,Airy,1,17,0.5207290933,0.0000000000,4,4
PISR-NSGA-II,Airy,1,17,0.5492414645,0.0000000000,3,5
PISR-NSGA-II,Airy,1,17,0.5492414645,0.0000000000,3,5
PISR-NSGA-II,Airy,1,17,0.5492414645,0.0000000000,3,5
PISR-NSGA-II,Airy,1,17,0.5492414645,0.0000000000,3,5
PISR-NSGA-II,Airy,1,17,0.0008010336,0.0000000000,5,5
PISR-NSGA-II,Airy,1,17,0.0000852279,0.0000000000,6,5
PISR-NSGA-II,Airy,1,17,0.5207290933,0.0000000000,4,5
PISR-NSGA-II,Airy,1,17,0.5207290933,0.0000000000,4,5
PISR-NSGA-II,Airy,1,17,0.5207290933,0.0000000000,4,5
PISR-NSGA-II,Airy,1,17,0.5207290933,0.0000000000,4,5
PISR-NSGA-II,Airy,1,17,0.5207290933,0.0000000000,4,5
PISR-NSGA-II,Airy,1,17,0.5207290933,0.0000000000,4,5
PISR-NSGA-II,Airy,1,17,0.5207290933,0.0000000000,4,5
PISR-NSGA-II,Airy,1,17,0.5207290933,0.0000000000,4,5
PISR-NSGA-II,Airy,1,17,0.5207290933,0.0000000000,4,5
PISR-NSGA-II,Airy,1,17,0.5207290933,0.0000000000,4,5
PISR-NSGA-II,Airy,1,17,0.5492414645,0.0000000000,3,5
PISR-NSGA-II,Airy,1,17,0.5207290933,0.0000000000,4,6
PISR-NSGA-II,Airy,1,17,0.5492414651,0.0000000000,3,6
PISR-NSGA-II,Airy,1,17,0.0008010336,0.0000000000,5,6
PISR-NSGA-II,Airy,1,17,0.0000852279,0.0000000000,6,6
PISR-NSGA-II,Airy,1,17,0.5492414653,0.0000000000,3,7
PISR-NSGA-II,Airy,1,17,0.5207290933,0.0000000000,4,7
PISR-NSGA-II,Airy,1,17,0.0008010359,0.0000000000,5,7
PISR-NSGA-II,Airy,1,17,0.0000852432,0.0000000000,6,7
PISR-NSGA-II,Airy,1,17,0.5492414655,0.0000000000,3,8
PISR-NSGA-II,Airy,1,17,0.0000886584,0.0000000000,6,8
PISR-NSGA-II,Airy,1,17,0.0008010406,0.0000000000,5,8
PISR-NSGA-II,Airy,1,17,0.5207290934,0.0000000000,4,8
PISR-NSGA-II,Airy,1,17,0.5207290934,0.0000000000,4,8
PISR-NSGA-II,Airy,1,17,0.5207290934,0.0000000000,4,8
PISR-NSGA-II,Airy,1,17,0.5207290934,0.0000000000,4,8
PISR-NSGA-II,Airy,1,17,0.5207290934,0.0000000000,4,8
PISR-NSGA-II,Airy,1,17,0.5207290934,0.0000000000,4,8
PISR-NSGA-II,Airy,1,17,0.5207290934,0.0000000000,4,8
PISR-NSGA-II,Airy,1,18,0.0000018110,0.0000000000,11,1
PISR-NSGA-II,Airy,1,18,0.0008010336,0.0000000000,5,1
PISR-NSGA-II,Airy,1,18,0.0000848805,0.0000000000,6,1
PISR-NSGA-II,Airy,1,18,0.5476447607,0.0000000000,3,1
PISR-NSGA-II,Airy,1,18,0.5206489904,0.0000000000,4,1
PISR-NSGA-II,Airy,1,18,0.0000852279,0.0000000000,6,2
PISR-NSGA-II,Airy,1,18,0.0000852279,0.0000000000,6,2
PISR-NSGA-II,Airy,1,18,0.0000852279,0.0000000000,6,2
PISR-NSGA-II,Airy,1,18,0.0008010336,0.0000000000,5,2
PISR-NSGA-II,Airy,1,18,0.0008010336,0.0000000000,5,2
PISR-NSGA-II,Airy,1,18,0.0000028852,0.0000000000,11,2
PISR-NSGA-II,Airy,1,18,0.5206633282,0.0000000000,4,2
PISR-NSGA-II,Airy,1,18,0.5480988777,0.0000000000,3,2
PISR-NSGA-II,Airy,1,18,0.0000852279,0.0000000000,6,3
PISR-NSGA-II,Airy,1,18,0.0000852279,0.0000000000,6,3
PISR-NSGA-II,Airy,1,18,0.0000852279,0.0000000000,6,3
PISR-NSGA-II,Airy,1,18,0.0000852279,0.0000000000,6,3
PISR-NSGA-II,Airy,1,18,0.0000852279,0.0000000000,6,3
PISR-NSGA-II,Airy,1,18,0.0000852279,0.0000000000,6,3
PISR-NSGA-II,Airy,1,18,0.0000852279,0.0000000000,6,3
PISR-NSGA-II,Airy,1,18,0.0000852279,0.0000000000,6,3
PISR-NSGA-II,Airy,1,18,0.0000852279,0.0000000000,6,3
PISR-NSGA-II,Airy,1,18,0.0000852279,0.0000000000,6,3
PISR-NSGA-II,Airy,1,18,0.0000852279,0.0000000000,6,3
PISR-NSGA-II,Airy,1,18,0.0000852279,0.0000000000,6,3
PISR-NSGA-II,Airy,1,18,0.0000852279,0.0000000000,6,3
PISR-NSGA-II,Airy,1,18,0.0000041172,0.0000000000,16,3
PISR-NSGA-II,Airy,1,18,0.0000041172,0.0000000000,16,3
PISR-NSGA-II,Airy,1,18,0.5492414637,0.0000000000,3,3
PISR-NSGA-II,Airy,1,18,0.5492414637,0.0000000000,3,3
PISR-NSGA-II,Airy,1,18,0.5492414637,0.0000000000,3,3
PISR-NSGA-II,Airy,1,18,0.5492414637,0.0000000000,3,3
PISR-NSGA-II,Airy,1,18,0.5492414637,0.0000000000,3,3
PISR-NSGA-II,Airy,1,18,0.0008010336,0.0000000000,5,3
PISR-NSGA-II,Airy,1,18,0.0000197450,0.0000000000,14,3
PISR-NSGA-II,Airy,1,18,0.5207059400,0.0000000000,4,3
PISR-NSGA-II,Airy,1,18,0.5492414637,0.0000000000,3,3
PISR-NSGA-II,Airy,1,18,0.5207290932,0.0000000000,4,4
PISR-NSGA-II,Airy,1,18,0.5207290932,0.0000000000,4,4
PISR-NSGA-II,Airy,1,18,0.5207290932,0.0000000000,4,4
PISR-NSGA-II,Airy,1,18,0.5207290932,0.0000000000,4,4
PISR-NSGA-II,Airy,1,18,0.5207290932,0.0000000000,4,4
PISR-NSGA-II,Airy,1,18,0.5207290932,0.0000000000,4,4
PISR-NSGA-II,Airy,1,18,0.5207290932,0.0000000000,4,4
PISR-NSGA-II,Airy,1,18,0.5207290932,0.0000000000,4,4
PISR-NSGA-II,Airy,1,18,0.5207290932,0.0000000000,4,4
PISR-NSGA-II,Airy,1,18,0.5207290932,0.0000000000,4,4
PISR-NSGA-II,Airy,1,18,0.5207290932,0.0000000000,4,4
PISR-NSGA-II,Airy,1,18,0.5207290932,0.0000000000,4,4
PISR-NSGA-II,Airy,1,18,0.5207290932,0.0000000000,4,4
PISR-NSGA-II,Airy,1,18,0.5207290932,0.0000000000,4,4
PISR-NSGA-II,Airy,1,18,0.5207290932,0.0000000000,4,4
PISR-NSGA-II,Airy,1,18,0.5207290932,0.0000000000,4,4
PISR-NSGA-II,Airy,1,18,0.5207290932,0.0000000000,4,4
PISR-NSGA-II,Airy,1,18,0.5207290932,0.0000000000,4,4
PISR-NSGA-II,Airy,1,18,0.5207290932,0.0000000000,4,4
PISR-NSGA-II,Airy,1,18,0.5207290932,0.0000000000,4,4
PISR-NSGA-II,Airy,1,18,0.5207290932,0.0000000000,4,4
PISR-NSGA-II,Airy,1,18,0.5207290932,0.0000000000,4,4
PISR-NSGA-II,Airy,1,18,0.5207290932,0.0000000000,4,4
PISR-NSGA-II,Airy,1,18,0.5207290932,0.0000000000,4,4
PISR-NSGA-II,Airy,1,18,0.5207290932,0.0000000000,4,4
PISR-NSGA-II,Airy,1,18,0.5207290932,0.0000000000,4,4
PISR-NSGA-II,Airy,1,18,0.5207290932,0.0000000000,4,4
PISR-NSGA-II,Airy,1,18,0.5207290932,0.0000000000,4,4
PISR-NSGA-II,Airy,1,18,0.5207290932,0.0000000000,4,4
PISR-NSGA-II,Airy,1,18,0.5207290932,0.0000000000,4,4
PISR-NSGA-II,Airy,1,18,0.5207290932,0.0000000000,4,4
PISR-NSGA-II,Airy,1,18,0.5207290932,0.0000000000,4,4
PISR-NSGA-II,Airy,1,18,0.5207290932,0.0000000000,4,4
PISR-NSGA-II,Airy,1,18,0.5207290932,0.0000000000,4,4
PISR-NSGA-II,Airy,1,18,0.5207290932,0.0000000000,4,4
PISR-NSGA-II,Airy,1,18,0.5207290932,0.0000000000,4,4
PISR-NSGA-II,Airy,1,18,0.5207290932,0.0000000000,4,4
PISR-NSGA-II,Airy,1,18,0.5207290932,0.0000000000,4,4
PISR-NSGA-II,Airy,1,18,0.5207290932,0.0000000000,4,4
PISR-NSGA-II,Airy,1,18,0.5207290932,0.0000000000,4,4
PISR-NSGA-II,Airy,1,18,0.5207290932,0.0000000000,4,4
PISR-NSGA-II,Airy,1,18,0.5207290932,0.0000000000,4,4
PISR-NSGA-II,Airy,1,18,0.5207290932,0.0000000000,4,4
PISR-NSGA-II,Airy,1,18,0.5207290932,0.0000000000,4,4
PISR-NSGA-II,Airy,1,18,0.5207290932,0.0000000000,4,4
PISR-NSGA-II,Airy,1,18,0.0000852279,0.0000000000,6,4
PISR-NSGA-II,Airy,1,18,0.0000852279,0.0000000000,6,4
PISR-NSGA-II,Airy,1,18,0.0000852279,0.0000000000,6,4
PISR-NSGA-II,Airy,1,18,0.0000852279,0.0000000000,6,4
PISR-NSGA-II,Airy,1,18,0.0000852279,0.0000000000,6,4
PISR-NSGA-II,Airy,1,18,0.0000852279,0.0000000000,6,4
PISR-NSGA-II,Airy,1,18,0.5492414643,0.0000000000,3,4
PISR-NSGA-II,Airy,1,18,0.5492414643,0.0000000000,3,4
PISR-NSGA-II,Airy,1,18,0.5492414643,0.0000000000,3,4
PISR-NSGA-II,Airy,1,18,0.5492414643,0.0000000000,3,4
PISR-NSGA-II,Airy,1,18,0.5492414643,0.0000000000,3,4
PISR-NSGA-II,Airy,1,18,0.5492414643,0.0000000000,3,4
PISR-NSGA-II,Airy,1,18,0.5492414643,0.0000000000,3,4
PISR-NSGA-II,Airy,1,18,0.5492414643,0.0000000000,3,4
PISR-NSGA-II,Airy,1,18,0.5492414643,0.0000000000,3,4
PISR-NSGA-II,Airy,1,18,0.5492414643,0.0000000000,3,4
PISR-NSGA-II,Airy,1,18,0.5492414643,0.0000000000,3,4
PISR-NSGA-II,Airy,1,18,0.5492414643,0.0000000000,3,4
PISR-NSGA-II,Airy,1,18,0.5492414643,0.0000000000,3,4
PISR-NSGA-II,Airy,1,18,0.5492414643,0.0000000000,3,4
PISR-NSGA-II,Airy,1,18,0.5492414643,0.0000000000,3,4
PISR-NSGA-II,Airy,1,18,0.5492414643,0.0000000000,3,4
PISR-NSGA-II,Airy,1,18,0.5492414643,0.0000000000,3,4
PISR-NSGA-II,Airy,1,18,0.5492414643,0.0000000000,3,4
PISR-NSGA-II,Airy,1,18,0.5492414643,0.0000000000,3,4
PISR-NSGA-II,Airy,1,18,0.5492414643,0.0000000000,3,4
PISR-NSGA-II,Airy,1,18,0.0008010336,0.0000000000,5,4
PISR-NSGA-II,Airy,1,18,0.5492414643,0.0000000000,3,4
PISR-NSGA-II,Airy,1,18,0.5207290932,0.0000000000,4,4
PISR-NSGA-II,Airy,1,18,0.5207290932,0.0000000000,4,4
PISR-NSGA-II,Airy,1,18,0.5207290932,0.0000000000,4,4
PISR-NSGA-II,Airy,1,18,0.5207290932,0.0000000000,4,5
PISR-NSGA-II,Airy,1,18,0.0000852279,0.0000000000,6,5
PISR-NSGA-II,Airy,1,18,0.0000852279,0.0000000000,6,5
PISR-NSGA-II,Airy,1,18,0.0000852279,0.0000000000,6,5
PISR-NSGA-II,Airy,1,18,0.0000852279,0.0000000000,6,5
PISR-NSGA-II,Airy,1,18,0.0000852279,0.0000000000,6,5
PISR-NSGA-II,Airy,1,18,0.0000852279,0.0000000000,6,5
PISR-NSGA-II,Airy,1,18,0.0000852279,0.0000000000,6,5
PISR-NSGA-II,Airy,1,18,0.0000852279,0.0000000000,6,5
PISR-NSGA-II,Airy,1,18,0.5492414645,0.0000000000,3,5
PISR-NSGA-II,Airy,1,18,0.5492414645,0.0000000000,3,5
PISR-NSGA-II,Airy,1,18,0.5492414645,0.0000000000,3,5
PISR-NSGA-II,Airy,1,18,0.5492414645,0.0000000000,3,5
PISR-NSGA-II,Airy,1,18,0.0008010336,0.0000000000,5,5
PISR-NSGA-II,Airy,1,18,0.5492414645,0.0000000000,3,5
PISR-NSGA-II,Airy,1,18,0.5492414646,0.0000000000,3,6
PISR-NSGA-II,Airy,1,18,0.5207290933,0.0000000000,4,6
PISR-NSGA-II,Airy,1,18,0.0008010336,0.0000000000,5,6
PISR-NSGA-II,Airy,1,18,0.0000852279,0.0000000000,6,6
PISR-NSGA-II,Airy,1,18,0.0000852279,0.0000000000,6,7
PISR-NSGA-II,Airy,1,18,0.5207290933,0.0000000000,4,7
PISR-NSGA-II,Airy,1,18,0.5207290933,0.0000000000,4,7
PISR-NSGA-II,Airy,1,18,0.5207290933,0.0000000000,4,7
PISR-NSGA-II,Airy,1,18,0.5207290933,0.0000000000,4,7
PISR-NSGA-II,Airy,1,18,0.5207290933,0.0000000000,4,7
PISR-NSGA-II,Airy,1,18,0.5207290933,0.0000000000,4,7
PISR-NSGA-II,Airy,1,18,0.5207290933,0.0000000000,4,7
PISR-NSGA-II,Airy,1,18,0.5207290933,0.0000000000,4,7
PISR-NSGA-II,Airy,1,18,0.5207290933,0.0000000000,4,7
PISR-NSGA-II,Airy,1,18,0.5207290933,0.0000000000,4,7
PISR-NSGA-II,Airy,1,18,0.5492414651,0.0000000000,3,7
PISR-NSGA-II,Airy,1,18,0.0008010336,0.0000000000,5,7
PISR-NSGA-II,Airy,1,18,0.5207290933,0.0000000000,4,8
PISR-NSGA-II,Airy,1,18,0.5492414653,0.0000000000,3,8
PISR-NSGA-II,Airy,1,18,0.0000852361,0.0000000000,6,8
PISR-NSGA-II,Airy,1,18,0.0008010337,0.0000000000,5,8
PISR-NSGA-II,Airy,1,18,0.5492414653,0.0000000000,3,9
PISR-NSGA-II,Airy,1,19,0.0000017580,0.0000000000,11,1
PISR-NSGA-II,Airy,1,19,0.0008010336,0.0000000000,5,1
PISR-NSGA-II,Airy,1,19,0.0000843956,0.0000000000,6,1
PISR-NSGA-II,Airy,1,19,0.5207290932,0.0000000000,4,1
PISR-NSGA-II,Airy,1,19,0.5207290932,0.0000000000,4,1
PISR-NSGA-II,Airy,1,19,0.5207290932,0.0000000000,4,1
PISR-NSGA-II,Airy,1,19,0.5207290932,0.0000000000,4,1
PISR-NSGA-II,Airy,1,19,0.5207290932,0.0000000000,4,1
PISR-NSGA-II,Airy,1,19,0.5207290932,0.0000000000,4,1
PISR-NSGA-II,Airy,1,19,0.5207290932,0.0000000000,4,1
PISR-NSGA-II,Airy,1,19,0.5207290932,0.0000000000,4,1
PISR-NSGA-II,Airy,1,19,0.5207290932,0.0000000000,4,1
PISR-NSGA-II,Airy,1,19,0.5207290932,0.0000000000,4,1
PISR-NSGA-II,Airy,1,19,0.5207290932,0.0000000000,4,1
PISR-NSGA-II,Airy,1,19,0.5207290932,0.0000000000,4,1
PISR-NSGA-II,Airy,1,19,0.5207290932,0.0000000000,4,1
PISR-NSGA-II,Airy,1,19,0.5207290932,0.0000000000,4,1
PISR-NSGA-II,Airy,1,19,0.5207290932,0.0000000000,4,1
PISR-NSGA-II,Airy,1,19,0.5207290932,0.0000000000,4,1
PISR-NSGA-II,Airy,1,19,0.5207290932,0.0000000000,4,1
PISR-NSGA-II,Airy,1,19,0.5207290932,0.0000000000,4,1
PISR-NSGA-II,Airy,1,19,0.5207290932,0.0000000000,4,1
PISR-NSGA-II,Airy,1,19,0.5207290932,0.0000000000,4,1
PISR-NSGA-II,Airy,1,19,0.5207290932,0.0000000000,4,1
PISR-NSGA-II,Airy,1,19,0.5207290932,0.0000000000,4,1
PISR-NSGA-II,Airy,1,19,0.5207290932,0.0000000000,4,1
PISR-NSGA-II,Airy,1,19,0.5207290932,0.0000000000,4,1
PISR-NSGA-II,Airy,1,19,0.5207290932,0.0000000000,4,1
PISR-NSGA-II,Airy,1,19,0.5207290932,0.0000000000,4,1
PISR-NSGA-II,Airy,1,19,0.5207290932,0.0000000000,4,1
PISR-NSGA-II,Airy,1,19,0.5207290932,0.0000000000,4,1
PISR-NSGA-II,Airy,1,19,0.5207290932,0.0000000000,4,1
PISR-NSGA-II,Airy,1,19,0.5207290932,0.0000000000,4,1
PISR-NSGA-II,Airy,1,19,0.5207290932,0.0000000000,4,1
PISR-NSGA-II,Airy,1,19,0.5207290932,0.0000000000,4,1
PISR-NSGA-II,Airy,1,19,0.5207290932,0.0000000000,4,1
PISR-NSGA-II,Airy,1,19,0.5207290932,0.0000000000,4,1
PISR-NSGA-II,Airy,1,19,0.5207290932,0.0000000000,4,1
PISR-NSGA-II,Airy,1,19,0.5207290932,0.0000000000,4,1
PISR-NSGA-II,Airy,1,19,0.5207290932,0.0000000000,4,1
PISR-NSGA-II,Airy,1,19,0.5207290932,0.0000000000,4,1
PISR-NSGA-II,Airy,1,19,0.5207290932,0.0000000000,4,1
PISR-NSGA-II,Airy,1,19,0.5207290932,0.0000000000,4,1
PISR-NSGA-II,Airy,1,19,0.5207290932,0.0000000000,4,1
PISR-NSGA-II,Airy,1,19,0.5207290932,0.0000000000,4,1
PISR-NSGA-II,Airy,1,19,0.5207290932,0.0000000000,4,1
PISR-NSGA-II,Airy,1,19,0.5207290932,0.0000000000,4,1
PISR-NSGA-II,Airy,1,19,0.5207290932,0.0000000000,4,1
PISR-NSGA-II,Airy,1,19,0.5207290932,0.0000000000,4,1
PISR-NSGA-II,Airy,1,19,0.5207290932,0.0000000000,4,1
PISR-NSGA-II,Airy,1,19,0.5207290932,0.0000000000,4,1
PISR-NSGA-II,Airy,1,19,0.5207290932,0.0000000000,4,1
PISR-NSGA-II,Airy,1,19,0.5473334614,0.0000000000,3,1
PISR-NSGA-II,Airy,1,19,0.5207290932,0.0000000000,4,1
PISR-NSGA-II,Airy,1,19,0.0000852279,0.0000000000,6,2
PISR-NSGA-II,Airy,1,19,0.0000852279,0.0000000000,6,2
PISR-NSGA-II,Airy,1,19,0.0000852279,0.0000000000,6,2
PISR-NSGA-II,Airy,1,19,0.0008010336,0.0000000000,5,2
PISR-NSGA-II,Airy,1,19,0.0008010336,0.0000000000,5,2
PISR-NSGA-II,Airy,1,19,0.0000025196,0.0000000000,11,2
PISR-NSGA-II,Airy,1,19,0.5207290932,0.0000000000,4,2
PISR-NSGA-II,Airy,1,19,0.5474083831,0.0000000000,3,2
PISR-NSGA-II,Airy,1,19,0.0000041113,0.0000000000,16,3
PISR-NSGA-II,Airy,1,19,0.0000041113,0.0000000000,16,3
PISR-NSGA-II,Airy,1,19,0.5492414637,0.0000000000,3,3
PISR-NSGA-II,Airy,1,19,0.5492414637,0.0000000000,3,3
PISR-NSGA-II,Airy,1,19,0.5492414637,0.0000000000,3,3
PISR-NSGA-II,Airy,1,19,0.5492414637,0.0000000000,3,3
PISR-NSGA-II,Airy,1,19,0.5492414637,0.0000000000,3,3
PISR-NSGA-II,Airy,1,19,0.0008010336,0.0000000000,5,3
PISR-NSGA-II,Airy,1,19,0.0000197404,0.0000000000,14,3
PISR-NSGA-II,Airy,1,19,0.5492414637,0.0000000000,3,3
PISR-NSGA-II,Airy,1,19,0.0000852279,0.0000000000,6,3
PISR-NSGA-II,Airy,1,19,0.0000852279,0.0000000000,6,3
PISR-NSGA-II,Airy,1,19,0.0000852279,0.0000000000,6,3
PISR-NSGA-II,Airy,1,19,0.0000852279,0.0000000000,6,3
PISR-NSGA-II,Airy,1,19,0.0000852279,0.0000000000,6,3
PISR-NSGA-II,Airy,1,19,0.0000852279,0.0000000000,6,3
PISR-NSGA-II,Airy,1,19,0.5207290933,0.0000000000,4,3
PISR-NSGA-II,Airy,1,19,0.5492414637,0.0000000000,3,3
PISR-NSGA-II,Airy,1,19,0.0000852279,0.0000000000,6,4
PISR-NSGA-II,Airy,1,19,0.0000852279,0.0000000000,6,4
PISR-NSGA-II,Airy,1,19,0.0000852279,0.0000000000,6,4
PISR-NSGA-II,Airy,1,19,0.0000852279,0.0000000000,6,4
PISR-NSGA-II,Airy,1,19,0.0000852279,0.0000000000,6,4
PISR-NSGA-II,Airy,1,19,0.0000852279,0.0000000000,6,4
PISR-NSGA-II,Airy,1,19,0.0000852279,0.0000000000,6,4
PISR-NSGA-II,Airy,1,19,0.0000852279,0.0000000000,6,4
PISR-NSGA-II,Airy,1,19,0.0000852279,0.0000000000,6,4
PISR-NSGA-II,Airy,1,19,0.0000852279,0.0000000000,6,4
PISR-NSGA-II,Airy,1,19,0.0000852279,0.0000000000,6,4
PISR-NSGA-II,Airy,1,19,0.0000852279,0.0000000000,6,4
PISR-NSGA-II,Airy,1,19,0.0000852279,0.0000000000,6,4
PISR-NSGA-II,Airy,1,19,0.5492414643,0.0000000000,3,4
PISR-NSGA-II,Airy,1,19,0.5492414643,0.0000000000,3,4
PISR-NSGA-II,Airy,1,19,0.5492414643,0.0000000000,3,4
PISR-NSGA-II,Airy,1,19,0.5492414643,0.0000000000,3,4
PISR-NSGA-II,Airy,1,19,0.5492414643,0.0000000000,3,4
PISR-NSGA-II,Airy,1,19,0.5492414643,0.0000000000,3,4
PISR-NSGA-II,Airy,1,19,0.5492414643,0.0000000000,3,4
PISR-NSGA-II,Airy,1,19,0.5492414643,0.0000000000,3,4
PISR-NSGA-II,Airy,1,19,0.5492414643,0.0000000000,3,4
PISR-NSGA-II,Airy,1,19,0.5492414643,0.0000000000,3,4
PISR-NSGA-II,Airy,1,19,0.5492414643,0.0000000000,3,4
PISR-NSGA-II,Airy,1,19,0.5492414643,0.0000000000,3,4
PISR-NSGA-II,Airy,1,19,0.5492414643,0.0000000000,3,4
PISR-NSGA-II,Airy,1,19,0.5492414643,0.0000000000,3,4
PISR-NSGA-II,Airy,1,19,0.5492414643,0.0000000000,3,4
PISR-NSGA-II,Airy,1,19,0.5492414643,0.0000000000,3,4
PISR-NSGA-II,Airy,1,19,0.5492414643,0.0000000000,3,4
PISR-NSGA-II,Airy,1,19,0.5492414643,0.0000000000,3,4
PISR-NSGA-II,Airy,1,19,0.5492414643,0.0000000000,3,4
PISR-NSGA-II,Airy,1,19,0.5492414643,0.0000000000,3,4
PISR-NSGA-II,Airy,1,19,0.0008010336,0.0000000000,5,4
PISR-NSGA-II,Airy,1,19,0.5492414643,0.0000000000,3,4
PISR-NSGA-II,Airy,1,19,0.5207290933,0.0000000000,4,4
PISR-NSGA-II,Airy,1,19,0.5207290933,0.0000000000,4,4
PISR-NSGA-II,Airy,1,19,0.5207290933,0.0000000000,4,4
PISR-NSGA-II,Airy,1,19,0.5207290933,0.0000000000,4,4
PISR-NSGA-II,Airy,1,19,0.5207290933,0.0000000000,4,4
PISR-NSGA-II,Airy,1,19,0.5207290933,0.0000000000,4,4
PISR-NSGA-II,Airy,1,19,0.5207290933,0.0000000000,4,4
PISR-NSGA-II,Airy,1,19,0.5207290933,0.0000000000,4,4
PISR-NSGA-II,Airy,1,19,0.5207290933,0.0000000000,4,4
PISR-NSGA-II,Airy,1,19,0.5207290933,0.0000000000,4,4
PISR-NSGA-II,Airy,1,19,0.0000852279,0.0000000000,6,5
PISR-NSGA-II,Airy,1,19,0.0000852279,0.0000000000,6,5
PISR-NSGA-II,Airy,1,19,0.0000852279,0.0000000000,6,5
PISR-NSGA-II,Airy,1,19,0.0000852279,0.0000000000,6,5
PISR-NSGA-II,Airy,1,19,0.0000852279,0.0000000000,6,5
PISR-NSGA-II,Airy,1,19,0.0000852279,0.0000000000,6,5
PISR-NSGA-II,Airy,1,19,0.0000852279,0.0000000000,6,5
PISR-NSGA-II,Airy,1,19,0.0000852279,0.0000000000,6,5
PISR-NSGA-II,Airy,1,19,0.5492414645,0.0000000000,3,5
PISR-NSGA-II,Airy,1,19,0.5492414645,0.0000000000,3,5
PISR-NSGA-II,Airy,1,19,0.5492414645,0.0000000000,3,5
PISR-NSGA-II,Airy,1,19,0.5492414645,0.0000000000,3,5
PISR-NSGA-II,Airy,1,19,0.5492414645,0.0000000000,3,5
PISR-NSGA-II,Airy,1,19,0.5207290933,0.0000000000,4,5
PISR-NSGA-II,Airy,1,19,0.0008010336,0.0000000000,5,5
PISR-NSGA-II,Airy,1,19,0.5207290934,0.0000000000,4,6
PISR-NSGA-II,Airy,1,19,0.0008010336,0.0000000000,5,6
PISR-NSGA-II,Airy,1,19,0.5492414646,0.0000000000,3,6
PISR-NSGA-II,Airy,1,19,0.0000852279,0.0000000000,6,6
PISR-NSGA-II,Airy,1,19,0.5492414650,0.0000000000,3,7
PISR-NSGA-II,Airy,1,19,0.5207290934,0.0000000000,4,7
PISR-NSGA-II,Airy,1,19,0.0008010336,0.0000000000,5,7
PISR-NSGA-II,Airy,1,19,0.0000852279,0.0000000000,6,7
PISR-NSGA-II,Airy,1,19,0.5492414651,0.0000000000,3,8
PISR-NSGA-II,Airy,1,19,0.0000852323,0.0000000000,6,8
PISR-NSGA-II,Airy,1,20,0.0000017197,0.0000000000,11,1
PISR-NSGA-II,Airy,1,20,0.0008010336,0.0000000000,5,1
PISR-NSGA-II,Airy,1,20,0.0000845908,0.0000000000,6,1
PISR-NSGA-II,Airy,1,20,0.5477988287,0.0000000000,3,1
PISR-NSGA-II,Airy,1,20,0.5206485113,0.0000000000,4,1
PISR-NSGA-II,Airy,1,20,0.5207290932,0.0000000000,4,2
PISR-NSGA-II,Airy,1,20,0.5207290932,0.0000000000,4,2
PISR-NSGA-II,Airy,1,20,0.5207290932,0.0000000000,4,2
PISR-NSGA-II,Airy,1,20,0.5207290932,0.0000000000,4,2
PISR-NSGA-II,Airy,1,20,0.5207290932,0.0000000000,4,2
PISR-NSGA-II,Airy,1,20,0.5207290932,0.0000000000,4,2
PISR-NSGA-II,Airy,1,20,0.5207290932,0.0000000000,4,2
PISR-NSGA-II,Airy,1,20,0.5207290932,0.0000000000,4,2
PISR-NSGA-II,Airy,1,20,0.5207290932,0.0000000000,4,2
PISR-NSGA-II,Airy,1,20,0.5207290932,0.0000000000,4,2
PISR-NSGA-II,Airy,1,20,0.5207290932,0.0000000000,4,2
PISR-NSGA-II,Airy,1,20,0.5207290932,0.0000000000,4,2
PISR-NSGA-II,Airy,1,20,0.5207290932,0.0000000000,4,2
PISR-NSGA-II,Airy,1,20,0.5207290932,0.0000000000,4,2
PISR-NSGA-II,Airy,1,20,0.5207290932,0.0000000000,4,2
PISR-NSGA-II,Airy,1,20,0.5207290932,0.0000000000,4,2
PISR-NSGA-II,Airy,1,20,0.5207290932,0.0000000000,4,2
PISR-NSGA-II,Airy,1,20,0.5207290932,0.0000000000,4,2
PISR-NSGA-II,Airy,1,20,0.5207290932,0.0000000000,4,2
PISR-NSGA-II,Airy,1,20,0.5207290932,0.0000000000,4,2
PISR-NSGA-II,Airy,1,20,0.5207290932,0.0000000000,4,2
PISR-NSGA-II,Airy,1,20,0.5207290932,0.0000000000,4,2
PISR-NSGA-II,Airy,1,20,0.5207290932,0.0000000000,4,2
PISR-NSGA-II,Airy,1,20,0.5207290932,0.0000000000,4,2
PISR-NSGA-II,Airy,1,20,0.5207290932,0.0000000000,4,2
PISR-NSGA-II,Airy,1,20,0.5207290932,0.0000000000,4,2
PISR-NSGA-II,Airy,1,20,0.5207290932,0.0000000000,4,2
PISR-NSGA-II,Airy,1,20,0.5207290932,0.0000000000,4,2
PISR-NSGA-II,Airy,1,20,0.5207290932,0.0000000000,4,2
PISR-NSGA-II,Airy,1,20,0.5207290932,0.0000000000,4,2
PISR-NSGA-II,Airy,1,20,0.5207290932,0.0000000000,4,2
PISR-NSGA-II,Airy,1,20,0.5207290932,0.0000000000,4,2
PISR-NSGA-II,Airy,1,20,0.5207290932,0.0000000000,4,2
PISR-NSGA-II,Airy,1,20,0.5207290932,0.0000000000,4,2
PISR-NSGA-II,Airy,1,20,0.5207290932,0.0000000000,4,2
PISR-NSGA-II,Airy,1,20,0.5207290932,0.0000000000,4,2
PISR-NSGA-II,Airy,1,20,0.5207290932,0.0000000000,4,2
PISR-NSGA-II,Airy,1,20,0.5207290932,0.0000000000,4,2
PISR-NSGA-II,Airy,1,20,0.5207290932,0.0000000000,4,2
PISR-NSGA-II,Airy,1,20,0.5207290932,0.0000000000,4,2
PISR-NSGA-II,Airy,1,20,0.5207290932,0.0000000000,4,2
PISR-NSGA-II,Airy,1,20,0.5207290932,0.0000000000,4,2
PISR-NSGA-II,Airy,1,20,0.5207290932,0.0000000000,4,2
PISR-NSGA-II,Airy,1,20,0.5207290932,0.0000000000,4,2
PISR-NSGA-II,Airy,1,20,0.5207290932,0.0000000000,4,2
PISR-NSGA-II,Airy,1,20,0.5207290932,0.0000000000,4,2
PISR-NSGA-II,Airy,1,20,0.5207290932,0.0000000000,4,2
PISR-NSGA-II,Airy,1,20,0.5207290932,0.0000000000,4,2
PISR-NSGA-II,Airy,1,20,0.5207290932,0.0000000000,4,2
PISR-NSGA-II,Airy,1,20,0.5207290932,0.0000000000,4,2
PISR-NSGA-II,Airy,1,20,0.0000852279,0.0000000000,6,2
PISR-NSGA-II,Airy,1,20,0.0000852279,0.0000000000,6,2
PISR-NSGA-II,Airy,1,20,0.0000852279,0.0000000000,6,2
PISR-NSGA-II,Airy,1,20,0.0008010336,0.0000000000,5,2
PISR-NSGA-II,Airy,1,20,0.0008010336,0.0000000000,5,2
PISR-NSGA-II,Airy,1,20,0.0000022617,0.0000000000,11,2
PISR-NSGA-II,Airy,1,20,0.5207290932,0.0000000000,4,2
PISR-NSGA-II,Airy,1,20,0.5207290932,0.0000000000,4,2
PISR-NSGA-II,Airy,1,20,0.5207290932,0.0000000000,4,2
PISR-NSGA-II,Airy,1,20,0.5207290932,0.0000000000,4,2
PISR-NSGA-II,Airy,1,20,0.5478771762,0.0000000000,3,2
PISR-NSGA-II,Airy,1,20,0.5207290932,0.0000000000,4,2
PISR-NSGA-II,Airy,1,20,0.5207290932,0.0000000000,4,3
PISR-NSGA-II,Airy,1,20,0.0000041069,0.0000000000,16,3
PISR-NSGA-II,Airy,1,20,0.0000041069,0.0000000000,16,3
PISR-NSGA-II,Airy,1,20,0.0000197365,0.0000000000,14,3
PISR-NSGA-II,Airy,1,20,0.0000852279,0.0000000000,6,3
PISR-NSGA-II,Airy,1,20,0.0000852279,0.0000000000,6,3
PISR-NSGA-II,Airy,1,20,0.0000852279,0.0000000000,6,3
PISR-NSGA-II,Airy,1,20,0.0000852279,0.0000000000,6,3
PISR-NSGA-II,Airy,1,20,0.0000852279,0.0000000000,6,3
PISR-NSGA-II,Airy,1,20,0.0000852279,0.0000000000,6,3
PISR-NSGA-II,Airy,1,20,0.0008010336,0.0000000000,5,3
PISR-NSGA-II,Airy,1,20,0.5481171836,0.0000000000,3,3
PISR-NSGA-II,Airy,1,20,0.5492414637,0.0000000000,3,4
PISR-NSGA-II,Airy,1,20,0.5492414637,0.0000000000,3,4
PISR-NSGA-II,Airy,1,20,0.5492414637,0.0000000000,3,4
PISR-NSGA-II,Airy,1,20,0.5492414637,0.0000000000,3,4
PISR-NSGA-II,Airy,1,20,0.5492414637,0.0000000000,3,4
PISR-NSGA-II,Airy,1,20,0.0008010336,0.0000000000,5,4
PISR-NSGA-II,Airy,1,20,0.5492414637,0.0000000000,3,4
PISR-NSGA-II,Airy,1,20,0.5207290933,0.0000000000,4,4
PISR-NSGA-II,Airy,1,20,0.5492414637,0.0000000000,3,4
PISR-NSGA-II,Airy,1,20,0.0000852279,0.0000000000,6,4
PISR-NSGA-II,Airy,1,20,0.0000852279,0.0000000000,6,4
PISR-NSGA-II,Airy,1,20,0.0000852279,0.0000000000,6,4
PISR-NSGA-II,Airy,1,20,0.0000852279,0.0000000000,6,4
PISR-NSGA-II,Airy,1,20,0.0000852279,0.0000000000,6,4
PISR-NSGA-II,Airy,1,20,0.0000852279,0.0000000000,6,4
PISR-NSGA-II,Airy,1,20,0.0000852279,0.0000000000,6,4
PISR-NSGA-II,Airy,1,20,0.0000852279,0.0000000000,6,4
PISR-NSGA-II,Airy,1,20,0.0000852279,0.0000000000,6,4
PISR-NSGA-II,Airy,1,20,0.0000852279,0.0000000000,6,4
PISR-NSGA-II,Airy,1,20,0.0000852279,0.0000000000,6,4
PISR-NSGA-II,Airy,1,20,0.0000852279,0.0000000000,6,4
PISR-NSGA-II,Airy,1,20,0.0000852279,0.0000000000,6,4
PISR-NSGA-II,Airy,1,20,0.5492414637,0.0000000000,3,4
PISR-NSGA-II,Airy,1,20,0.5492414643,0.0000000000,3,5
PISR-NSGA-II,Airy,1,20,0.5492414643,0.0000000000,3,5
PISR-NSGA-II,Airy,1,20,0.5492414643,0.0000000000,3,5
PISR-NSGA-II,Airy,1,20,0.5492414643,0.0000000000,3,5
PISR-NSGA-II,Airy,1,20,0.5492414643,0.0000000000,3,5
PISR-NSGA-II,Airy,1,20,0.5492414643,0.0000000000,3,5
PISR-NSGA-II,Airy,1,20,0.5492414643,0.0000000000,3,5
PISR-NSGA-II,Airy,1,20,0.5492414643,0.0000000000,3,5
PISR-NSGA-II,Airy,1,20,0.5492414643,0.0000000000,3,5
PISR-NSGA-II,Airy,1,20,0.5492414643,0.0000000000,3,5
PISR-NSGA-II,Airy,1,20,0.5492414643,0.0000000000,3,5
PISR-NSGA-II,Airy,1,20,0.5492414643,0.0000000000,3,5
PISR-NSGA-II,Airy,1,20,0.5492414643,0.0000000000,3,5
PISR-NSGA-II,Airy,1,20,0.5492414643,0.0000000000,3,5
PISR-NSGA-II,Airy,1,20,0.5492414643,0.0000000000,3,5
PISR-NSGA-II,Airy,1,20,0.5492414643,0.0000000000,3,5
PISR-NSGA-II,Airy,1,20,0.5492414643,0.0000000000,3,5
PISR-NSGA-II,Airy,1,20,0.5492414643,0.0000000000,3,5
PISR-NSGA-II,Airy,1,20,0.5492414643,0.0000000000,3,5
PISR-NSGA-II,Airy,1,20,0.5492414643,0.0000000000,3,5
PISR-NSGA-II,Airy,1,20,0.0008010336,0.0000000000,5,5
PISR-NSGA-II,Airy,1,20,0.5492414643,0.0000000000,3,5
PISR-NSGA-II,Airy,1,20,0.5207290933,0.0000000000,4,5
PISR-NSGA-II,Airy,1,20,0.5207290933,0.0000000000,4,5
PISR-NSGA-II,Airy,1,20,0.5207290933,0.0000000000,4,5
PISR-NSGA-II,Airy,1,20,0.5207290933,0.0000000000,4,5
PISR-NSGA-II,Airy,1,20,0.5207290933,0.0000000000,4,5
PISR-NSGA-II,Airy,1,20,0.5207290933,0.0000000000,4,5
PISR-NSGA-II,Airy,1,20,0.5207290933,0.0000000000,4,5
PISR-NSGA-II,Airy,1,20,0.5207290933,0.0000000000,4,5
PISR-NSGA-II,Airy,1,20,0.5207290933,0.0000000000,4,5
PISR-NSGA-II,Airy,1,20,0.5207290933,0.0000000000,4,5
PISR-NSGA-II,Airy,1,20,0.0000852279,0.0000000000,6,5
PISR-NSGA-II,Airy,1,20,0.0000852279,0.0000000000,6,5
PISR-NSGA-II,Airy,1,20,0.0000852279,0.0000000000,6,5
PISR-NSGA-II,Airy,1,20,0.0000852279,0.0000000000,6,5
PISR-NSGA-II,Airy,1,20,0.0000852279,0.0000000000,6,5
PISR-NSGA-II,Airy,1,20,0.0000852279,0.0000000000,6,5
PISR-NSGA-II,Airy,1,20,0.0000852279,0.0000000000,6,5
PISR-NSGA-II,Airy,1,20,0.0000852279,0.0000000000,6,5
PISR-NSGA-II,Airy,1,20,0.5492414643,0.0000000000,3,5
PISR-NSGA-II,Airy,1,20,0.5492414644,0.0000000000,3,6
PISR-NSGA-II,Airy,1,20,0.5207290933,0.0000000000,4,6
PISR-NSGA-II,Airy,1,20,0.0008010336,0.0000000000,5,6
PISR-NSGA-II,Airy,1,20,0.0000852279,0.0000000000,6,6
PISR-NSGA-II,Airy,1,20,0.5492414645,0.0000000000,3,7
PISR-NSGA-II,Airy,1,20,0.5492414645,0.0000000000,3,7
PISR-NSGA-II,Airy,1,20,0.0000852279,0.0000000000,6,7
PISR-NSGA-II,Airy,1,21,0.0000016183,0.0000000000,11,1
PISR-NSGA-II,Airy,1,21,0.0008010336,0.0000000000,5,1
PISR-NSGA-II,Airy,1,21,0.0000852274,0.0000000000,6,1
PISR-NSGA-II,Airy,1,21,0.5207290932,0.0000000000,4,1
PISR-NSGA-II,Airy,1,21,0.5207290932,0.0000000000,4,1
PISR-NSGA-II,Airy,1,21,0.5207290932,0.0000000000,4,1
PISR-NSGA-II,Airy,1,21,0.5207290932,0.0000000000,4,1
PISR-NSGA-II,Airy,1,21,0.5207290932,0.0000000000,4,1
PISR-NSGA-II,Airy,1,21,0.5207290932,0.0000000000,4,1
PISR-NSGA-II,Airy,1,21,0.5207290932,0.0000000000,4,1
PISR-NSGA-II,Airy,1,21,0.5207290932,0.0000000000,4,1
PISR-NSGA-II,Airy,1,21,0.5207290932,0.0000000000,4,1
PISR-NSGA-II,Airy,1,21,0.5207290932,0.0000000000,4,1
PISR-NSGA-II,Airy,1,21,0.5207290932,0.0000000000,4,1
PISR-NSGA-II,Airy,1,21,0.5207290932,0.0000000000,4,1
PISR-NSGA-II,Airy,1,21,0.5207290932,0.0000000000,4,1
PISR-NSGA-II,Airy,1,21,0.5207290932,0.0000000000,4,1
PISR-NSGA-II,Airy,1,21,0.5207290932,0.0000000000,4,1
PISR-NSGA-II,Airy,1,21,0.5207290932,0.0000000000,4,1
PISR-NSGA-II,Airy,1,21,0.5207290932,0.0000000000,4,1
PISR-NSGA-II,Airy,1,21,0.5207290932,0.0000000000,4,1
PISR-NSGA-II,Airy,1,21,0.5207290932,0.0000000000,4,1
PISR-NSGA-II,Airy,1,21,0.5207290932,0.0000000000,4,1
PISR-NSGA-II,Airy,1,21,0.5207290932,0.0000000000,4,1
PISR-NSGA-II,Airy,1,21,0.5207290932,0.0000000000,4,1
PISR-NSGA-II,Airy,1,21,0.5207290932,0.0000000000,4,1
PISR-NSGA-II,Airy,1,21,0.5207290932,0.0000000000,4,1
PISR-NSGA-II,Airy,1,21,0.5207290932,0.0000000000,4,1
PISR-NSGA-II,Airy,1,21,0.5207290932,0.0000000000,4,1
PISR-NSGA-II,Airy,1,21,0.5207290932,0.0000000000,4,1
PISR-NSGA-II,Airy,1,21,0.5207290932,0.0000000000,4,1
PISR-NSGA-II,Airy,1,21,0.5207290932,0.0000000000,4,1
PISR-NSGA-II,Airy,1,21,0.5207290932,0.0000000000,4,1
PISR-NSGA-II,Airy,1,21,0.5207290932,0.0000000000,4,1
PISR-NSGA-II,Airy,1,21,0.5207290932,0.0000000000,4,1
PISR-NSGA-II,Airy,1,21,0.5207290932,0.0000000000,4,1
PISR-NSGA-II,Airy,1,21,0.5207290932,0.0000000000,4,1
PISR-NSGA-II,Airy,1,21,0.5207290932,0.0000000000,4,1
PISR-NSGA-II,Airy,1,21,0.5207290932,0.0000000000,4,1
PISR-NSGA-II,Airy,1,21,0.5207290932,0.0000000000,4,1
PISR-NSGA-II,Airy,1,21,0.5207290932,0.0000000000,4,1
PISR-NSGA-II,Airy,1,21,0.5207290932,0.0000000000,4,1
PISR-NSGA-II,Airy,1,21,0.5207290932,0.0000000000,4,1
PISR-NSGA-II,Airy,1,21,0.5207290932,0.0000000000,4,1
PISR-NSGA-II,Airy,1,21,0.5207290932,0.0000000000,4,1
PISR-NSGA-II,Airy,1,21,0.5207290932,0.0000000000,4,1
PISR-NSGA-II,Airy,1,21,0.5207290932,0.0000000000,4,1
PISR-NSGA-II,Airy,1,21,0.5207290932,0.0000000000,4,1
PISR-NSGA-II,Airy,1,21,0.5207290932,0.0000000000,4,1
PISR-NSGA-II,Airy,1,21,0.5207290932,0.0000000000,4,1
PISR-NSGA-II,Airy,1,21,0.5207290932,0.0000000000,4,1
PISR-NSGA-II,Airy,1,21,0.5207290932,0.0000000000,4,1
PISR-NSGA-II,Airy,1,21,0.5207290932,0.0000000000,4,1
PISR-NSGA-II,Airy,1,21,0.5207290932,0.0000000000,4,1
PISR-NSGA-II,Airy,1,21,0.5207290932,0.0000000000,4,1
PISR-NSGA-II,Airy,1,21,0.5207290932,0.0000000000,4,1
PISR-NSGA-II,Airy,1,21,0.5207290932,0.0000000000,4,1
PISR-NSGA-II,Airy,1,21,0.5207290932,0.0000000000,4,1
PISR-NSGA-II,Airy,1,21,0.5474919117,0.0000000000,3,1
PISR-NSGA-II,Airy,1,21,0.5207290932,0.0000000000,4,1
PISR-NSGA-II,Airy,1,21,0.5207290932,0.0000000000,4,1
PISR-NSGA-II,Airy,1,21,0.5207290932,0.0000000000,4,1
PISR-NSGA-II,Airy,1,21,0.0000852279,0.0000000000,6,2
PISR-NSGA-II,Airy,1,21,0.0000852279,0.0000000000,6,2
PISR-NSGA-II,Airy,1,21,0.0000852279,0.0000000000,6,2
PISR-NSGA-II,Airy,1,21,0.0008010336,0.0000000000,5,2
PISR-NSGA-II,Airy,1,21,0.0008010336,0.0000000000,5,2
PISR-NSGA-II,Airy,1,21,0.0000016426,0.0000000000,11,2
PISR-NSGA-II,Airy,1,21,0.5207290932,0.0000000000,4,2
PISR-NSGA-II,Airy,1,21,0.5476495209,0.0000000000,3,2
PISR-NSGA-II,Airy,1,21,0.0000040927,0.0000000000,16,3
PISR-NSGA-II,Airy,1,21,0.0000040927,0.0000000000,16,3
PISR-NSGA-II,Airy,1,21,0.0000197302,0.0000000000,14,3
PISR-NSGA-II,Airy,1,21,0.0000852279,0.0000000000,6,3
PISR-NSGA-II,Airy,1,21,0.0000852279,0.0000000000,6,3
PISR-NSGA-II,Airy,1,21,0.0000852279,0.0000000000,6,3
PISR-NSGA-II,Airy,1,21,0.0000852279,0.0000000000,6,3
PISR-NSGA-II,Airy,1,21,0.0000852279,0.0000000000,6,3
PISR-NSGA-II,Airy,1,21,0.0000852279,0.0000000000,6,3
PISR-NSGA-II,Airy,1,21,0.0008010336,0.0000000000,5,3
PISR-NSGA-II,Airy,1,21,0.5207290933,0.0000000000,4,3
PISR-NSGA-II,Airy,1,21,0.5488651490,0.0000000000,3,3
PISR-NSGA-II,Airy,1,21,0.5492414637,0.0000000000,3,4
PISR-NSGA-II,Airy,1,21,0.5492414637,0.0000000000,3,4
PISR-NSGA-II,Airy,1,21,0.5492414637,0.0000000000,3,4
PISR-NSGA-II,Airy,1,21,0.5492414637,0.0000000000,3,4
PISR-NSGA-II,Airy,1,21,0.5492414637,0.0000000000,3,4
PISR-NSGA-II,Airy,1,21,0.0008010336,0.0000000000,5,4
PISR-NSGA-II,Airy,1,21,0.5492414637,0.0000000000,3,4
PISR-NSGA-II,Airy,1,21,0.5492414637,0.0000000000,3,4
PISR-NSGA-II,Airy,1,21,0.0000852279,0.0000000000,6,4
PISR-NSGA-II,Airy,1,21,0.0000852279,0.0000000000,6,4
PISR-NSGA-II,Airy,1,21,0.0000852279,0.0000000000,6,4
PISR-NSGA-II,Airy,1,21,0.0000852279,0.0000000000,6,4
PISR-NSGA-II,Airy,1,21,0.0000852279,0.0000000000,6,4
PISR-NSGA-II,Airy,1,21,0.0000852279,0.0000000000,6,4
PISR-NSGA-II,Airy,1,21,0.0000852279,0.0000000000,6,4
PISR-NSGA-II,Airy,1,21,0.0000852279,0.0000000000,6,4
PISR-NSGA-II,Airy,1,21,0.0000852279,0.0000000000,6,4
PISR-NSGA-II,Airy,1,21,0.0000852279,0.0000000000,6,4
PISR-NSGA-II,Airy,1,21,0.0000852279,0.0000000000,6,4
PISR-NSGA-II,Airy,1,21,0.0000852279,0.0000000000,6,4
PISR-NSGA-II,Airy,1,21,0.0000852279,0.0000000000,6,4
PISR-NSGA-II,Airy,1,21,0.5492414637,0.0000000000,3,4
PISR-NSGA-II,Airy,1,21,0.5207290933,0.0000000000,4,4
PISR-NSGA-II,Airy,1,21,0.5207290933,0.0000000000,4,4
PISR-NSGA-II,Airy,1,21,0.5207290933,0.0000000000,4,4
PISR-NSGA-II,Airy,1,21,0.5207290933,0.0000000000,4,4
PISR-NSGA-II,Airy,1,21,0.5207290933,0.0000000000,4,4
PISR-NSGA-II,Airy,1,21,0.5207290933,0.0000000000,4,4
PISR-NSGA-II,Airy,1,21,0.5207290933,0.0000000000,4,4
PISR-NSGA-II,Airy,1,21,0.5207290933,0.0000000000,4,4
PISR-NSGA-II,Airy,1,21,0.5207290933,0.0000000000,4,4
PISR-NSGA-II,Airy,1,21,0.5207290933,0.0000000000,4,4
PISR-NSGA-II,Airy,1,21,0.5492414637,0.0000000000,3,4
PISR-NSGA-II,Airy,1,21,0.5492414643,0.0000000000,3,5
PISR-NSGA-II,Airy,1,21,0.5492414643,0.0000000000,3,5
PISR-NSGA-II,Airy,1,21,0.5492414643,0.0000000000,3,5
PISR-NSGA-II,Airy,1,21,0.5492414643,0.0000000000,3,5
PISR-NSGA-II,Airy,1,21,0.5492414643,0.0000000000,3,5
PISR-NSGA-II,Airy,1,21,0.5492414643,0.0000000000,3,5
PISR-NSGA-II,Airy,1,21,0.5492414643,0.0000000000,3,5
PISR-NSGA-II,Airy,1,21,0.5492414643,0.0000000000,3,5
PISR-NSGA-II,Airy,1,21,0.5492414643,0.0000000000,3,5
PISR-NSGA-II,Airy,1,21,0.5492414643,0.0000000000,3,5
PISR-NSGA-II,Airy,1,21,0.5492414643,0.0000000000,3,5
PISR-NSGA-II,Airy,1,21,0.5492414643,0.0000000000,3,5
PISR-NSGA-II,Airy,1,21,0.5492414643,0.0000000000,3,5
PISR-NSGA-II,Airy,1,21,0.5492414643,0.0000000000,3,5
PISR-NSGA-II,Airy,1,21,0.5492414643,0.0000000000,3,5
PISR-NSGA-II,Airy,1,21,0.5492414643,0.0000000000,3,5
PISR-NSGA-II,Airy,1,21,0.5492414643,0.0000000000,3,5
PISR-NSGA-II,Airy,1,21,0.5492414643,0.0000000000,3,5
PISR-NSGA-II,Airy,1,21,0.5492414643,0.0000000000,3,5
PISR-NSGA-II,Airy,1,21,0.5492414643,0.0000000000,3,5
PISR-NSGA-II,Airy,1,21,0.0008010336,0.0000000000,5,5
PISR-NSGA-II,Airy,1,21,0.5492414643,0.0000000000,3,5
PISR-NSGA-II,Airy,1,21,0.0000852279,0.0000000000,6,5
PISR-NSGA-II,Airy,1,21,0.0000852279,0.0000000000,6,5
PISR-NSGA-II,Airy,1,21,0.0000852279,0.0000000000,6,5
PISR-NSGA-II,Airy,1,21,0.0000852279,0.0000000000,6,5
PISR-NSGA-II,Airy,1,21,0.0000852279,0.0000000000,6,5
PISR-NSGA-II,Airy,1,21,0.0000852279,0.0000000000,6,5
PISR-NSGA-II,Airy,1,21,0.0000852279,0.0000000000,6,5
PISR-NSGA-II,Airy,1,21,0.0000852279,0.0000000000,6,5
PISR-NSGA-II,Airy,1,21,0.5492414643,0.0000000000,3,5
PISR-NSGA-II,Airy,1,21,0.5207290933,0.0000000000,4,5
PISR-NSGA-II,Airy,1,21,0.5492414643,0.0000000000,3,6
PISR-NSGA-II,Airy,1,21,0.0000852279,0.0000000000,6,6
PISR-NSGA-II,Airy,1,21,0.5207290936,0.0000000000,4,6
PISR-NSGA-II,Airy,1,22,0.0000016157,0.0000000000,11,1
PISR-NSGA-II,Airy,1,22,0.0008010336,0.0000000000,5,1
PISR-NSGA-II,Airy,1,22,0.0000852276,0.0000000000,6,1
PISR-NSGA-II,Airy,1,22,0.5207290932,0.0000000000,4,1
PISR-NSGA-II,Airy,1,22,0.5207290932,0.0000000000,4,1
PISR-NSGA-II,Airy,1,22,0.5207290932,0.0000000000,4,1
PISR-NSGA-II,Airy,1,22,0.5207290932,0.0000000000,4,1
PISR-NSGA-II,Airy,1,22,0.5207290932,0.0000000000,4,1
PISR-NSGA-II,Airy,1,22,0.5207290932,0.0000000000,4,1
PISR-NSGA-II,Airy,1,22,0.5207290932,0.0000000000,4,1
PISR-NSGA-II,Airy,1,22,0.5207290932,0.0000000000,4,1
PISR-NSGA-II,Airy,1,22,0.5207290932,0.0000000000,4,1
PISR-NSGA-II,Airy,1,22,0.5207290932,0.0000000000,4,1
PISR-NSGA-II,Airy,1,22,0.5207290932,0.0000000000,4,1
PISR-NSGA-II,Airy,1,22,0.5207290932,0.0000000000,4,1
PISR-NSGA-II,Airy,1,22,0.5207290932,0.0000000000,4,1
PISR-NSGA-II,Airy,1,22,0.5207290932,0.0000000000,4,1
PISR-NSGA-II,Airy,1,22,0.5207290932,0.0000000000,4,1
PISR-NSGA-II,Airy,1,22,0.5207290932,0.0000000000,4,1
PISR-NSGA-II,Airy,1,22,0.5207290932,0.0000000000,4,1
PISR-NSGA-II,Airy,1,22,0.5207290932,0.0000000000,4,1
PISR-NSGA-II,Airy,1,22,0.5207290932,0.0000000000,4,1
PISR-NSGA-II,Airy,1,22,0.5207290932,0.0000000000,4,1
PISR-NSGA-II,Airy,1,22,0.5207290932,0.0000000000,4,1
PISR-NSGA-II,Airy,1,22,0.5207290932,0.0000000000,4,1
PISR-NSGA-II,Airy,1,22,0.5207290932,0.0000000000,4,1
PISR-NSGA-II,Airy,1,22,0.5207290932,0.0000000000,4,1
PISR-NSGA-II,Airy,1,22,0.5207290932,0.0000000000,4,1
PISR-NSGA-II,Airy,1,22,0.5207290932,0.0000000000,4,1
PISR-NSGA-II,Airy,1,22,0.5207290932,0.0000000000,4,1
PISR-NSGA-II,Airy,1,22,0.5207290932,0.0000000000,4,1
PISR-NSGA-II,Airy,1,22,0.5207290932,0.0000000000,4,1
PISR-NSGA-II,Airy,1,22,0.5207290932,0.0000000000,4,1
PISR-NSGA-II,Airy,1,22,0.5207290932,0.0000000000,4,1
PISR-NSGA-II,Airy,1,22,0.5207290932,0.0000000000,4,1
PISR-NSGA-II,Airy,1,22,0.5207290932,0.0000000000,4,1
PISR-NSGA-II,Airy,1,22,0.5207290932,0.0000000000,4,1
PISR-NSGA-II,Airy,1,22,0.5207290932,0.0000000000,4,1
PISR-NSGA-II,Airy,1,22,0.5207290932,0.0000000000,4,1
PISR-NSGA-II,Airy,1,22,0.5207290932,0.0000000000,4,1
PISR-NSGA-II,Airy,1,22,0.5207290932,0.0000000000,4,1
PISR-NSGA-II,Airy,1,22,0.5207290932,0.0000000000,4,1
PISR-NSGA-II,Airy,1,22,0.5207290932,0.0000000000,4,1
PISR-NSGA-II,Airy,1,22,0.5207290932,0.0000000000,4,1
PISR-NSGA-II,Airy,1,22,0.5207290932,0.0000000000,4,1
PISR-NSGA-II,Airy,1,22,0.5207290932,0.0000000000,4,1
PISR-NSGA-II,Airy,1,22,0.5207290932,0.0000000000,4,1
PISR-NSGA-II,Airy,1,22,0.5207290932,0.0000000000,4,1
PISR-NSGA-II,Airy,1,22,0.5207290932,0.0000000000,4,1
PISR-NSGA-II,Airy,1,22,0.5207290932,0.0000000000,4,1
PISR-NSGA-II,Airy,1,22,0.5207290932,0.0000000000,4,1
PISR-NSGA-II,Airy,1,22,0.5207290932,0.0000000000,4,1
PISR-NSGA-II,Airy,1,22,0.5207290932,0.0000000000,4,1
PISR-NSGA-II,Airy,1,22,0.5207290932,0.0000000000,4,1
PISR-NSGA-II,Airy,1,22,0.5207290932,0.0000000000,4,1
PISR-NSGA-II,Airy,1,22,0.5207290932,0.0000000000,4,1
PISR-NSGA-II,Airy,1,22,0.5207290932,0.0000000000,4,1
PISR-NSGA-II,Airy,1,22,0.5207290932,0.0000000000,4,1
PISR-NSGA-II,Airy,1,22,0.5207290932,0.0000000000,4,1
PISR-NSGA-II,Airy,1,22,0.5207290932,0.0000000000,4,1
PISR-NSGA-II,Airy,1,22,0.5207290932,0.0000000000,4,1
PISR-NSGA-II,Airy,1,22,0.5207290932,0.0000000000,4,1
PISR-NSGA-II,Airy,1,22,0.5207290932,0.0000000000,4,1
PISR-NSGA-II,Airy,1,22,0.5484671838,0.0000000000,3,1
PISR-NSGA-II,Airy,1,22,0.5207290932,0.0000000000,4,1
PISR-NSGA-II,Airy,1,22,0.5207290932,0.0000000000,4,1
PISR-NSGA-II,Airy,1,22,0.0000852279,0.0000000000,6,2
PISR-NSGA-II,Airy,1,22,0.0000852279,0.0000000000,6,2
PISR-NSGA-II,Airy,1,22,0.0000852279,0.0000000000,6,2
PISR-NSGA-II,Airy,1,22,0.0008010336,0.0000000000,5,2
PISR-NSGA-II,Airy,1,22,0.0008010336,0.0000000000,5,2
PISR-NSGA-II,Airy,1,22,0.0000016310,0.0000000000,11,2
PISR-NSGA-II,Airy,1,22,0.5207290932,0.0000000000,4,2
PISR-NSGA-II,Airy,1,22,0.5492414637,0.0000000000,3,2
PISR-NSGA-II,Airy,1,22,0.5492414637,0.0000000000,3,2
PISR-NSGA-II,Airy,1,22,0.5492414637,0.0000000000,3,2
PISR-NSGA-II,Airy,1,22,0.5492414637,0.0000000000,3,2
PISR-NSGA-II,Airy,1,22,0.5492414637,0.0000000000,3,2
PISR-NSGA-II,Airy,1,22,0.5492414637,0.0000000000,3,2
PISR-NSGA-II,Airy,1,22,0.5492414637,0.0000000000,3,2
PISR-NSGA-II,Airy,1,22,0.5492414637,0.0000000000,3,2
PISR-NSGA-II,Airy,1,22,0.5492414637,0.0000000000,3,2
PISR-NSGA-II,Airy,1,22,0.0000040924,0.0000000000,16,3
PISR-NSGA-II,Airy,1,22,0.0000040924,0.0000000000,16,3
PISR-NSGA-II,Airy,1,22,0.0000197289,0.0000000000,14,3
PISR-NSGA-II,Airy,1,22,0.0000852279,0.0000000000,6,3
PISR-NSGA-II,Airy,1,22,0.0000852279,0.0000000000,6,3
PISR-NSGA-II,Airy,1,22,0.0000852279,0.0000000000,6,3
PISR-NSGA-II,Airy,1,22,0.0000852279,0.0000000000,6,3
PISR-NSGA-II,Airy,1,22,0.0000852279,0.0000000000,6,3
PISR-NSGA-II,Airy,1,22,0.0000852279,0.0000000000,6,3
PISR-NSGA-II,Airy,1,22,0.5207290933,0.0000000000,4,3
PISR-NSGA-II,Airy,1,22,0.5492414643,0.0000000000,3,3
PISR-NSGA-II,Airy,1,22,0.5492414643,0.0000000000,3,3
PISR-NSGA-II,Airy,1,22,0.5492414643,0.0000000000,3,3
PISR-NSGA-II,Airy,1,22,0.5492414643,0.0000000000,3,3
PISR-NSGA-II,Airy,1,22,0.5492414643,0.0000000000,3,3
PISR-NSGA-II,Airy,1,22,0.5492414643,0.0000000000,3,3
PISR-NSGA-II,Airy,1,22,0.5492414643,0.0000000000,3,3
PISR-NSGA-II,Airy,1,22,0.5492414643,0.0000000000,3,3
PISR-NSGA-II,Airy,1,22,0.5492414643,0.0000000000,3,3
PISR-NSGA-II,Airy,1,22,0.5492414643,0.0000000000,3,3
PISR-NSGA-II,Airy,1,22,0.5492414643,0.0000000000,3,3
PISR-NSGA-II,Airy,1,22,0.5492414643,0.0000000000,3,3
PISR-NSGA-II,Airy,1,22,0.5492414643,0.0000000000,3,3
PISR-NSGA-II,Airy,1,22,0.5492414643,0.0000000000,3,3
PISR-NSGA-II,Airy,1,22,0.5492414643,0.0000000000,3,3
PISR-NSGA-II,Airy,1,22,0.5492414643,0.0000000000,3,3
PISR-NSGA-II,Airy,1,22,0.5492414643,0.0000000000,3,3
PISR-NSGA-II,Airy,1,22,0.5492414643,0.0000000000,3,3
PISR-NSGA-II,Airy,1,22,0.5492414643,0.0000000000,3,3
PISR-NSGA-II,Airy,1,22,0.5492414643,0.0000000000,3,3
PISR-NSGA-II,Airy,1,22,0.0008010336,0.0000000000,5,3
PISR-NSGA-II,Airy,1,22,0.5492414643,0.0000000000,3,3
PISR-NSGA-II,Airy,1,22,0.5492414643,0.0000000000,3,3
PISR-NSGA-II,Airy,1,22,0.5492414643,0.0000000000,3,4
PISR-NSGA-II,Airy,1,22,0.0008010336,0.0000000000,5,4
PISR-NSGA-II,Airy,1,22,0.0000852279,0.0000000000,6,4
PISR-NSGA-II,Airy,1,22,0.0000852279,0.0000000000,6,4
PISR-NSGA-II,Airy,1,22,0.0000852279,0.0000000000,6,4
PISR-NSGA-II,Airy,1,22,0.0000852279,0.0000000000,6,4
PISR-NSGA-II,Airy,1,22,0.0000852279,0.0000000000,6,4
PISR-NSGA-II,Airy,1,22,0.0000852279,0.0000000000,6,4
PISR-NSGA-II,Airy,1,22,0.0000852279,0.0000000000,6,4
PISR-NSGA-II,Airy,1,22,0.0000852279,0.0000000000,6,4
PISR-NSGA-II,Airy,1,22,0.0000852279,0.0000000000,6,4
PISR-NSGA-II,Airy,1,22,0.0000852279,0.0000000000,6,4
PISR-NSGA-II,Airy,1,22,0.0000852279,0.0000000000,6,4
PISR-NSGA-II,Airy,1,22,0.0000852279,0.0000000000,6,4
PISR-NSGA-II,Airy,1,22,0.0000852279,0.0000000000,6,4
PISR-NSGA-II,Airy,1,22,0.5207290933,0.0000000000,4,4
PISR-NSGA-II,Airy,1,22,0.5207290933,0.0000000000,4,4
PISR-NSGA-II,Airy,1,22,0.5207290933,0.0000000000,4,4
PISR-NSGA-II,Airy,1,22,0.5207290933,0.0000000000,4,4
PISR-NSGA-II,Airy,1,22,0.5207290933,0.0000000000,4,4
PISR-NSGA-II,Airy,1,22,0.5207290933,0.0000000000,4,4
PISR-NSGA-II,Airy,1,22,0.5207290933,0.0000000000,4,4
PISR-NSGA-II,Airy,1,22,0.5207290933,0.0000000000,4,4
PISR-NSGA-II,Airy,1,22,0.5207290933,0.0000000000,4,4
PISR-NSGA-II,Airy,1,22,0.5207290933,0.0000000000,4,4
PISR-NSGA-II,Airy,1,22,0.0000852279,0.0000000000,6,5
PISR-NSGA-II,Airy,1,22,0.5492414643,0.0000000000,3,5
PISR-NSGA-II,Airy,1,22,0.0000852279,0.0000000000,6,5
PISR-NSGA-II,Airy,1,22,0.5207290933,0.0000000000,4,5
PISR-NSGA-II,Airy,1,22,0.0008010336,0.0000000000,5,5
PISR-NSGA-II,Airy,1,22,0.0000852279,0.0000000000,6,5
PISR-NSGA-II,Airy,1,22,0.0000852279,0.0000000000,6,5
PISR-NSGA-II,Airy,1,22,0.0000852279,0.0000000000,6,5
PISR-NSGA-II,Airy,1,22,0.0000852279,0.0000000000,6,5
PISR-NSGA-II,Airy,1,22,0.0000852279,0.0000000000,6,5
PISR-NSGA-II,Airy,1,23,0.0000016146,0.0000000000,11,1
PISR-NSGA-II,Airy,1,23,0.0008010336,0.0000000000,5,1
PISR-NSGA-II,Airy,1,23,0.0000852277,0.0000000000,6,1
PISR-NSGA-II,Airy,1,23,0.5207290932,0.0000000000,4,1
PISR-NSGA-II,Airy,1,23,0.5207290932,0.0000000000,4,1
PISR-NSGA-II,Airy,1,23,0.5207290932,0.0000000000,4,1
PISR-NSGA-II,Airy,1,23,0.5207290932,0.0000000000,4,1
PISR-NSGA-II,Airy,1,23,0.5207290932,0.0000000000,4,1
PISR-NSGA-II,Airy,1,23,0.5207290932,0.0000000000,4,1
PISR-NSGA-II,Airy,1,23,0.5207290932,0.0000000000,4,1
PISR-NSGA-II,Airy,1,23,0.5207290932,0.0000000000,4,1
PISR-NSGA-II,Airy,1,23,0.5207290932,0.0000000000,4,1
PISR-NSGA-II,Airy,1,23,0.5207290932,0.0000000000,4,1
PISR-NSGA-II,Airy,1,23,0.5207290932,0.0000000000,4,1
PISR-NSGA-II,Airy,1,23,0.5207290932,0.0000000000,4,1
PISR-NSGA-II,Airy,1,23,0.5207290932,0.0000000000,4,1
PISR-NSGA-II,Airy,1,23,0.5207290932,0.0000000000,4,1
PISR-NSGA-II,Airy,1,23,0.5207290932,0.0000000000,4,1
PISR-NSGA-II,Airy,1,23,0.5207290932,0.0000000000,4,1
PISR-NSGA-II,Airy,1,23,0.5207290932,0.0000000000,4,1
PISR-NSGA-II,Airy,1,23,0.5207290932,0.0000000000,4,1
PISR-NSGA-II,Airy,1,23,0.5207290932,0.0000000000,4,1
PISR-NSGA-II,Airy,1,23,0.5207290932,0.0000000000,4,1
PISR-NSGA-II,Airy,1,23,0.5207290932,0.0000000000,4,1
PISR-NSGA-II,Airy,1,23,0.5207290932,0.0000000000,4,1
PISR-NSGA-II,Airy,1,23,0.5207290932,0.0000000000,4,1
PISR-NSGA-II,Airy,1,23,0.5207290932,0.0000000000,4,1
PISR-NSGA-II,Airy,1,23,0.5207290932,0.0000000000,4,1
PISR-NSGA-II,Airy,1,23,0.5207290932,0.0000000000,4,1
PISR-NSGA-II,Airy,1,23,0.5207290932,0.0000000000,4,1
PISR-NSGA-II,Airy,1,23,0.5207290932,0.0000000000,4,1
PISR-NSGA-II,Airy,1,23,0.5207290932,0.0000000000,4,1
PISR-NSGA-II,Airy,1,23,0.5207290932,0.0000000000,4,1
PISR-NSGA-II,Airy,1,23,0.5207290932,0.0000000000,4,1
PISR-NSGA-II,Airy,1,23,0.5207290932,0.0000000000,4,1
PISR-NSGA-II,Airy,1,23,0.5207290932,0.0000000000,4,1
PISR-NSGA-II,Airy,1,23,0.5207290932,0.0000000000,4,1
PISR-NSGA-II,Airy,1,23,0.5207290932,0.0000000000,4,1
PISR-NSGA-II,Airy,1,23,0.5207290932,0.0000000000,4,1
PISR-NSGA-II,Airy,1,23,0.5207290932,0.0000000000,4,1
PISR-NSGA-II,Airy,1,23,0.5207290932,0.0000000000,4,1
PISR-NSGA-II,Airy,1,23,0.5207290932,0.0000000000,4,1
PISR-NSGA-II,Airy,1,23,0.5207290932,0.0000000000,4,1
PISR-NSGA-II,Airy,1,23,0.5207290932,0.0000000000,4,1
PISR-NSGA-II,Airy,1,23,0.5207290932,0.0000000000,4,1
PISR-NSGA-II,Airy,1,23,0.5207290932,0.0000000000,4,1
PISR-NSGA-II,Airy,1,23,0.5207290932,0.0000000000,4,1
PISR-NSGA-II,Airy,1,23,0.5207290932,0.0000000000,4,1
PISR-NSGA-II,Airy,1,23,0.5207290932,0.0000000000,4,1
PISR-NSGA-II,Airy,1,23,0.5207290932,0.0000000000,4,1
PISR-NSGA-II,Airy,1,23,0.5207290932,0.0000000000,4,1
PISR-NSGA-II,Airy,1,23,0.5207290932,0.0000000000,4,1
PISR-NSGA-II,Airy,1,23,0.5207290932,0.0000000000,4,1
PISR-NSGA-II,Airy,1,23,0.5207290932,0.0000000000,4,1
PISR-NSGA-II,Airy,1,23,0.5207290932,0.0000000000,4,1
PISR-NSGA-II,Airy,1,23,0.5207290932,0.0000000000,4,1
PISR-NSGA-II,Airy,1,23,0.5207290932,0.0000000000,4,1
PISR-NSGA-II,Airy,1,23,0.5207290932,0.0000000000,4,1
PISR-NSGA-II,Airy,1,23,0.5207290932,0.0000000000,4,1
PISR-NSGA-II,Airy,1,23,0.5207290932,0.0000000000,4,1
PISR-NSGA-II,Airy,1,23,0.5207290932,0.0000000000,4,1
PISR-NSGA-II,Airy,1,23,0.5207290932,0.0000000000,4,1
PISR-NSGA-II,Airy,1,23,0.5207290932,0.0000000000,4,1
PISR-NSGA-II,Airy,1,23,0.5207290932,0.0000000000,4,1
PISR-NSGA-II,Airy,1,23,0.5207290932,0.0000000000,4,1
PISR-NSGA-II,Airy,1,23,0.5207290932,0.0000000000,4,1
PISR-NSGA-II,Airy,1,23,0.5207290932,0.0000000000,4,1
PISR-NSGA-II,Airy,1,23,0.5207290932,0.0000000000,4,1
PISR-NSGA-II,Airy,1,23,0.5207290932,0.0000000000,4,1
PISR-NSGA-II,Airy,1,23,0.5473405747,0.0000000000,3,1
PISR-NSGA-II,Airy,1,23,0.0000852279,0.0000000000,6,2
PISR-NSGA-II,Airy,1,23,0.0000852279,0.0000000000,6,2
PISR-NSGA-II,Airy,1,23,0.0000852279,0.0000000000,6,2
PISR-NSGA-II,Airy,1,23,0.0008010336,0.0000000000,5,2
PISR-NSGA-II,Airy,1,23,0.0008010336,0.0000000000,5,2
PISR-NSGA-II,Airy,1,23,0.0000016264,0.0000000000,11,2
PISR-NSGA-II,Airy,1,23,0.5207290932,0.0000000000,4,2
PISR-NSGA-II,Airy,1,23,0.5476868458,0.0000000000,3,2
PISR-NSGA-II,Airy,1,23,0.5492414637,0.0000000000,3,3
PISR-NSGA-II,Airy,1,23,0.5492414637,0.0000000000,3,3
PISR-NSGA-II,Airy,1,23,0.5492414637,0.0000000000,3,3
PISR-NSGA-II,Airy,1,23,0.5492414637,0.0000000000,3,3
PISR-NSGA-II,Airy,1,23,0.5492414637,0.0000000000,3,3
PISR-NSGA-II,Airy,1,23,0.5492414637,0.0000000000,3,3
PISR-NSGA-II,Airy,1,23,0.5492414637,0.0000000000,3,3
PISR-NSGA-II,Airy,1,23,0.5492414637,0.0000000000,3,3
PISR-NSGA-II,Airy,1,23,0.5492414637,0.0000000000,3,3
PISR-NSGA-II,Airy,1,23,0.0000040921,0.0000000000,16,3
PISR-NSGA-II,Airy,1,23,0.0000040921,0.0000000000,16,3
PISR-NSGA-II,Airy,1,23,0.0000197279,0.0000000000,14,3
PISR-NSGA-II,Airy,1,23,0.0000852279,0.0000000000,6,3
PISR-NSGA-II,Airy,1,23,0.0000852279,0.0000000000,6,3
PISR-NSGA-II,Airy,1,23,0.0000852279,0.0000000000,6,3
PISR-NSGA-II,Airy,1,23,0.0000852279,0.0000000000,6,3
PISR-NSGA-II,Airy,1,23,0.0000852279,0.0000000000,6,3
PISR-NSGA-II,Airy,1,23,0.0000852279,0.0000000000,6,3
PISR-NSGA-II,Airy,1,23,0.5207290933,0.0000000000,4,3
PISR-NSGA-II,Airy,1,23,0.0008010336,0.0000000000,5,3
PISR-NSGA-II,Airy,1,23,0.5492414637,0.0000000000,3,3
PISR-NSGA-II,Airy,1,23,0.5492414643,0.0000000000,3,4
PISR-NSGA-II,Airy,1,23,0.5492414643,0.0000000000,3,4
PISR-NSGA-II,Airy,1,23,0.5492414643,0.0000000000,3,4
PISR-NSGA-II,Airy,1,23,0.5492414643,0.0000000000,3,4
PISR-NSGA-II,Airy,1,23,0.5492414643,0.0000000000,3,4
PISR-NSGA-II,Airy,1,23,0.5492414643,0.0000000000,3,4
PISR-NSGA-II,Airy,1,23,0.5492414643,0.0000000000,3,4
PISR-NSGA-II,Airy,1,23,0.5492414643,0.0000000000,3,4
PISR-NSGA-II,Airy,1,23,0.5492414643,0.0000000000,3,4
PISR-NSGA-II,Airy,1,23,0.5492414643,0.0000000000,3,4
PISR-NSGA-II,Airy,1,23,0.5492414643,0.0000000000,3,4
PISR-NSGA-II,Airy,1,23,0.5492414643,0.0000000000,3,4
PISR-NSGA-II,Airy,1,23,0.5492414643,0.0000000000,3,4
PISR-NSGA-II,Airy,1,23,0.5492414643,0.0000000000,3,4
PISR-NSGA-II,Airy,1,23,0.5492414643,0.0000000000,3,4
PISR-NSGA-II,Airy,1,23,0.5492414643,0.0000000000,3,4
PISR-NSGA-II,Airy,1,23,0.5492414643,0.0000000000,3,4
PISR-NSGA-II,Airy,1,23,0.5492414643,0.0000000000,3,4
PISR-NSGA-II,Airy,1,23,0.5492414643,0.0000000000,3,4
PISR-NSGA-II,Airy,1,23,0.5492414643,0.0000000000,3,4
PISR-NSGA-II,Airy,1,23,0.5492414643,0.0000000000,3,4
PISR-NSGA-II,Airy,1,23,0.5492414643,0.0000000000,3,4
PISR-NSGA-II,Airy,1,23,0.0008010336,0.0000000000,5,4
PISR-NSGA-II,Airy,1,23,0.0000852279,0.0000000000,6,4
PISR-NSGA-II,Airy,1,23,0.0000852279,0.0000000000,6,4
PISR-NSGA-II,Airy,1,23,0.0000852279,0.0000000000,6,4
PISR-NSGA-II,Airy,1,23,0.0000852279,0.0000000000,6,4
PISR-NSGA-II,Airy,1,23,0.0000852279,0.0000000000,6,4
PISR-NSGA-II,Airy,1,23,0.0000852279,0.0000000000,6,4
PISR-NSGA-II,Airy,1,23,0.0000852279,0.0000000000,6,4
PISR-NSGA-II,Airy,1,23,0.0000852279,0.0000000000,6,4
PISR-NSGA-II,Airy,1,23,0.0000852279,0.0000000000,6,4
PISR-NSGA-II,Airy,1,23,0.0000852279,0.0000000000,6,4
PISR-NSGA-II,Airy,1,23,0.0000852279,0.0000000000,6,4
PISR-NSGA-II,Airy,1,23,0.0000852279,0.0000000000,6,4
PISR-NSGA-II,Airy,1,23,0.0000852279,0.0000000000,6,4
PISR-NSGA-II,Airy,1,23,0.5207290933,0.0000000000,4,4
PISR-NSGA-II,Airy,1,23,0.5207290933,0.0000000000,4,4
PISR-NSGA-II,Airy,1,23,0.5207290933,0.0000000000,4,4
PISR-NSGA-II,Airy,1,23,0.5207290933,0.0000000000,4,4
PISR-NSGA-II,Airy,1,23,0.5207290933,0.0000000000,4,4
PISR-NSGA-II,Airy,1,23,0.5207290933,0.0000000000,4,4
PISR-NSGA-II,Airy,1,23,0.5207290933,0.0000000000,4,4
PISR-NSGA-II,Airy,1,23,0.5207290933,0.0000000000,4,4
PISR-NSGA-II,Airy,1,23,0.5207290933,0.0000000000,4,4
PISR-NSGA-II,Airy,1,23,0.5207290933,0.0000000000,4,4
PISR-NSGA-II,Airy,1,23,0.0000852279,0.0000000000,6,5
PISR-NSGA-II,Airy,1,23,0.5492414643,0.0000000000,3,5
PISR-NSGA-II,Airy,1,23,0.0000852279,0.0000000000,6,5
PISR-NSGA-II,Airy,1,23,0.5207290933,0.0000000000,4,5
PISR-NSGA-II,Airy,1,23,0.0008010336,0.0000000000,5,5
PISR-NSGA-II,Airy,1,24,0.0000016035,0.0000000000,11,1
PISR-NSGA-II,Airy,1,24,0.0007830715,0.0000000000,5,1
PISR-NSGA-II,Airy,1,24,0.0000834444,0.0000000000,6,1
PISR-NSGA-II,Airy,1,24,0.5654040773,0.0000000000,3,1
PISR-NSGA-II,Airy,1,24,0.5395745155,0.0000000000,4,1
PISR-NSGA-II,Airy,1,24,0.0000834445,0.0000000000,6,2
PISR-NSGA-II,Airy,1,24,0.0000834445,0.0000000000,6,2
PISR-NSGA-II,Airy,1,24,0.0000834445,0.0000000000,6,2
PISR-NSGA-II,Airy,1,24,0.0007830715,0.0000000000,5,2
PISR-NSGA-II,Airy,1,24,0.0007830715,0.0000000000,5,2
PISR-NSGA-II,Airy,1,24,0.0000016162,0.0000000000,11,2
PISR-NSGA-II,Airy,1,24,0.5397578683,0.0000000000,4,2
PISR-NSGA-II,Airy,1,24,0.5656140303,0.0000000000,3,2
PISR-NSGA-II,Airy,1,24,0.5399072862,0.0000000000,4,3
PISR-NSGA-II,Airy,1,24,0.5399072862,0.0000000000,4,3
PISR-NSGA-II,Airy,1,24,0.5399072862,0.0000000000,4,3
PISR-NSGA-II,Airy,1,24,0.5399072862,0.0000000000,4,3
PISR-NSGA-II,Airy,1,24,0.5399072862,0.0000000000,4,3
PISR-NSGA-II,Airy,1,24,0.5399072862,0.0000000000,4,3
PISR-NSGA-II,Airy,1,24,0.5399072862,0.0000000000,4,3
PISR-NSGA-II,Airy,1,24,0.5399072862,0.0000000000,4,3
PISR-NSGA-II,Airy,1,24,0.5399072862,0.0000000000,4,3
PISR-NSGA-II,Airy,1,24,0.5399072862,0.0000000000,4,3
PISR-NSGA-II,Airy,1,24,0.5399072862,0.0000000000,4,3
PISR-NSGA-II,Airy,1,24,0.5399072862,0.0000000000,4,3
PISR-NSGA-II,Airy,1,24,0.5399072862,0.0000000000,4,3
PISR-NSGA-II,Airy,1,24,0.5399072862,0.0000000000,4,3
PISR-NSGA-II,Airy,1,24,0.5399072862,0.0000000000,4,3
PISR-NSGA-II,Airy,1,24,0.5399072862,0.0000000000,4,3
PISR-NSGA-II,Airy,1,24,0.5399072862,0.0000000000,4,3
PISR-NSGA-II,Airy,1,24,0.5399072862,0.0000000000,4,3
PISR-NSGA-II,Airy,1,24,0.5399072862,0.0000000000,4,3
PISR-NSGA-II,Airy,1,24,0.5399072862,0.0000000000,4,3
PISR-NSGA-II,Airy,1,24,0.5399072862,0.0000000000,4,3
PISR-NSGA-II,Airy,1,24,0.5399072862,0.0000000000,4,3
PISR-NSGA-II,Airy,1,24,0.5399072862,0.0000000000,4,3
PISR-NSGA-II,Airy,1,24,0.5399072862,0.0000000000,4,3
PISR-NSGA-II,Airy,1,24,0.5399072862,0.0000000000,4,3
PISR-NSGA-II,Airy,1,24,0.5399072862,0.0000000000,4,3
PISR-NSGA-II,Airy,1,24,0.5399072862,0.0000000000,4,3
PISR-NSGA-II,Airy,1,24,0.5399072862,0.0000000000,4,3
PISR-NSGA-II,Airy,1,24,0.5399072862,0.0000000000,4,3
PISR-NSGA-II,Airy,1,24,0.5399072862,0.0000000000,4,3
PISR-NSGA-II,Airy,1,24,0.5399072862,0.0000000000,4,3
PISR-NSGA-II,Airy,1,24,0.5399072862,0.0000000000,4,3
PISR-NSGA-II,Airy,1,24,0.5399072862,0.0000000000,4,3
PISR-NSGA-II,Airy,1,24,0.5399072862,0.0000000000,4,3
PISR-NSGA-II,Airy,1,24,0.5399072862,0.0000000000,4,3
PISR-NSGA-II,Airy,1,24,0.5399072862,0.0000000000,4,3
PISR-NSGA-II,Airy,1,24,0.5399072862,0.0000000000,4,3
PISR-NSGA-II,Airy,1,24,0.5399072862,0.0000000000,4,3
PISR-NSGA-II,Airy,1,24,0.5399072862,0.0000000000,4,3
PISR-NSGA-II,Airy,1,24,0.5399072862,0.0000000000,4,3
PISR-NSGA-II,Airy,1,24,0.5399072862,0.0000000000,4,3
PISR-NSGA-II,Airy,1,24,0.5399072862,0.0000000000,4,3
PISR-NSGA-II,Airy,1,24,0.5399072862,0.0000000000,4,3
PISR-NSGA-II,Airy,1,24,0.5399072862,0.0000000000,4,3
PISR-NSGA-II,Airy,1,24,0.5399072862,0.0000000000,4,3
PISR-NSGA-II,Airy,1,24,0.5399072862,0.0000000000,4,3
PISR-NSGA-II,Airy,1,24,0.5399072862,0.0000000000,4,3
PISR-NSGA-II,Airy,1,24,0.5399072862,0.0000000000,4,3
PISR-NSGA-II,Airy,1,24,0.5399072862,0.0000000000,4,3
PISR-NSGA-II,Airy,1,24,0.5399072862,0.0000000000,4,3
PISR-NSGA-II,Airy,1,24,0.5399072862,0.0000000000,4,3
PISR-NSGA-II,Airy,1,24,0.5399072862,0.0000000000,4,3
PISR-NSGA-II,Airy,1,24,0.5399072862,0.0000000000,4,3
PISR-NSGA-II,Airy,1,24,0.5399072862,0.0000000000,4,3
PISR-NSGA-II,Airy,1,24,0.5399072862,0.0000000000,4,3
PISR-NSGA-II,Airy,1,24,0.5399072862,0.0000000000,4,3
PISR-NSGA-II,Airy,1,24,0.5399072862,0.0000000000,4,3
PISR-NSGA-II,Airy,1,24,0.5399072862,0.0000000000,4,3
PISR-NSGA-II,Airy,1,24,0.5399072862,0.0000000000,4,3
PISR-NSGA-II,Airy,1,24,0.5399072862,0.0000000000,4,3
PISR-NSGA-II,Airy,1,24,0.5399072862,0.0000000000,4,3
PISR-NSGA-II,Airy,1,24,0.5399072862,0.0000000000,4,3
PISR-NSGA-II,Airy,1,24,0.5399072862,0.0000000000,4,3
PISR-NSGA-II,Airy,1,24,0.5399072862,0.0000000000,4,3
PISR-NSGA-II,Airy,1,24,0.5399072862,0.0000000000,4,3
PISR-NSGA-II,Airy,1,24,0.5399072862,0.0000000000,4,3
PISR-NSGA-II,Airy,1,24,0.0000041454,0.0000000000,16,3
PISR-NSGA-II,Airy,1,24,0.0000041454,0.0000000000,16,3
PISR-NSGA-II,Airy,1,24,0.0000197708,0.0000000000,14,3
PISR-NSGA-II,Airy,1,24,0.0000834445,0.0000000000,6,3
PISR-NSGA-II,Airy,1,24,0.0000834445,0.0000000000,6,3
PISR-NSGA-II,Airy,1,24,0.0000834445,0.0000000000,6,3
PISR-NSGA-II,Airy,1,24,0.0000834445,0.0000000000,6,3
PISR-NSGA-II,Airy,1,24,0.0000834445,0.0000000000,6,3
PISR-NSGA-II,Airy,1,24,0.0000834445,0.0000000000,6,3
PISR-NSGA-II,Airy,1,24,0.0007830715,0.0000000000,5,3
PISR-NSGA-II,Airy,1,24,0.5399072862,0.0000000000,4,3
PISR-NSGA-II,Airy,1,24,0.5399072862,0.0000000000,4,3
PISR-NSGA-II,Airy,1,24,0.5673704452,0.0000000000,3,3
PISR-NSGA-II,Airy,1,24,0.5399072862,0.0000000000,4,4
PISR-NSGA-II,Airy,1,24,0.5704779098,0.0000000000,3,4
PISR-NSGA-II,Airy,1,24,0.5704779098,0.0000000000,3,4
PISR-NSGA-II,Airy,1,24,0.5704779098,0.0000000000,3,4
PISR-NSGA-II,Airy,1,24,0.5704779098,0.0000000000,3,4
PISR-NSGA-II,Airy,1,24,0.5704779098,0.0000000000,3,4
PISR-NSGA-II,Airy,1,24,0.5704779098,0.0000000000,3,4
PISR-NSGA-II,Airy,1,24,0.5704779098,0.0000000000,3,4
PISR-NSGA-II,Airy,1,24,0.5704779098,0.0000000000,3,4
PISR-NSGA-II,Airy,1,24,0.5704779098,0.0000000000,3,4
PISR-NSGA-II,Airy,1,24,0.5704779098,0.0000000000,3,4
PISR-NSGA-II,Airy,1,24,0.0007830715,0.0000000000,5,4
PISR-NSGA-II,Airy,1,24,0.0000834445,0.0000000000,6,4
PISR-NSGA-II,Airy,1,24,0.0000834445,0.0000000000,6,4
PISR-NSGA-II,Airy,1,24,0.0000834445,0.0000000000,6,4
PISR-NSGA-II,Airy,1,24,0.0000834445,0.0000000000,6,4
PISR-NSGA-II,Airy,1,24,0.0000834445,0.0000000000,6,4
PISR-NSGA-II,Airy,1,24,0.0000834445,0.0000000000,6,4
PISR-NSGA-II,Airy,1,24,0.0000834445,0.0000000000,6,4
PISR-NSGA-II,Airy,1,24,0.0000834445,0.0000000000,6,4
PISR-NSGA-II,Airy,1,24,0.0000834445,0.0000000000,6,4
PISR-NSGA-II,Airy,1,24,0.0000834445,0.0000000000,6,4
PISR-NSGA-II,Airy,1,24,0.0000834445,0.0000000000,6,4
PISR-NSGA-II,Airy,1,24,0.0000834445,0.0000000000,6,4
PISR-NSGA-II,Airy,1,24,0.0000834445,0.0000000000,6,4
PISR-NSGA-II,Airy,1,24,0.5704779098,0.0000000000,3,4
PISR-NSGA-II,Airy,1,24,0.5399072864,0.0000000000,4,5
PISR-NSGA-II,Airy,1,24,0.5704779107,0.0000000000,3,5
PISR-NSGA-II,Airy,1,24,0.5704779107,0.0000000000,3,5
PISR-NSGA-II,Airy,1,24,0.5704779107,0.0000000000,3,5
PISR-NSGA-II,Airy,1,24,0.5704779107,0.0000000000,3,5
PISR-NSGA-II,Airy,1,24,0.5704779107,0.0000000000,3,5
PISR-NSGA-II,Airy,1,24,0.5704779107,0.0000000000,3,5
PISR-NSGA-II,Airy,1,24,0.5704779107,0.0000000000,3,5
PISR-NSGA-II,Airy,1,24,0.5704779107,0.0000000000,3,5
PISR-NSGA-II,Airy,1,24,0.5704779107,0.0000000000,3,5
PISR-NSGA-II,Airy,1,24,0.5704779107,0.0000000000,3,5
PISR-NSGA-II,Airy,1,24,0.5704779107,0.0000000000,3,5
PISR-NSGA-II,Airy,1,24,0.5704779107,0.0000000000,3,5
PISR-NSGA-II,Airy,1,24,0.5704779107,0.0000000000,3,5
PISR-NSGA-II,Airy,1,24,0.5704779107,0.0000000000,3,5
PISR-NSGA-II,Airy,1,24,0.5704779107,0.0000000000,3,5
PISR-NSGA-II,Airy,1,24,0.5704779107,0.0000000000,3,5
PISR-NSGA-II,Airy,1,24,0.5704779107,0.0000000000,3,5
PISR-NSGA-II,Airy,1,24,0.5704779107,0.0000000000,3,5
PISR-NSGA-II,Airy,1,24,0.5704779107,0.0000000000,3,5
PISR-NSGA-II,Airy,1,24,0.5704779107,0.0000000000,3,5
PISR-NSGA-II,Airy,1,24,0.5704779107,0.0000000000,3,5
PISR-NSGA-II,Airy,1,24,0.5704779107,0.0000000000,3,5
PISR-NSGA-II,Airy,1,24,0.0000834445,0.0000000000,6,5
PISR-NSGA-II,Airy,1,24,0.0000834445,0.0000000000,6,5
PISR-NSGA-II,Airy,1,24,0.0007830715,0.0000000000,5,5
PISR-NSGA-II,Airy,1,24,0.5704779108,0.0000000000,3,6
PISR-NSGA-II,Airy,1,24,0.0015077972,0.0000000000,6,6
PISR-NSGA-II,Airy,1,24,0.0353733966,0.0000000000,5,6
PISR-NSGA-II,Airy,1,24,0.5399072864,0.0000000000,4,6
PISR-NSGA-II,Airy,1,24,0.5399072864,0.0000000000,4,6
PISR-NSGA-II,Airy,1,24,0.5399072864,0.0000000000,4,6
PISR-NSGA-II,Airy,1,25,0.0000020571,0.0000000000,11,1
PISR-NSGA-II,Airy,1,25,0.0010909761,0.0000000000,5,1
PISR-NSGA-II,Airy,1,25,0.0001056257,0.0000000000,6,1
PISR-NSGA-II,Airy,1,25,0.6282005690,0.0000000000,3,1
PISR-NSGA-II,Airy,1,25,0.0001056260,0.0000000000,6,2
PISR-NSGA-II,Airy,1,25,0.0001056260,0.0000000000,6,2
PISR-NSGA-II,Airy,1,25,0.0001056260,0.0000000000,6,2
PISR-NSGA-II,Airy,1,25,0.0010909761,0.0000000000,5,2
PISR-NSGA-II,Airy,1,25,0.0010909761,0.0000000000,5,2
PISR-NSGA-II,Airy,1,25,0.0000021242,0.0000000000,11,2
PISR-NSGA-II,Airy,1,25,0.6373617441,0.0000000000,3,2
PISR-NSGA-II,Airy,1,25,0.0000067035,0.0000000000,16,3
PISR-NSGA-II,Airy,1,25,0.0000067035,0.0000000000,16,3
PISR-NSGA-II,Airy,1,25,0.0000272189,0.0000000000,14,3
PISR-NSGA-II,Airy,1,25,0.0001056260,0.0000000000,6,3
PISR-NSGA-II,Airy,1,25,0.0001056260,0.0000000000,6,3
PISR-NSGA-II,Airy,1,25,0.0001056260,0.0000000000,6,3
PISR-NSGA-II,Airy,1,25,0.0001056260,0.0000000000,6,3
PISR-NSGA-II,Airy,1,25,0.0001056260,0.0000000000,6,3
PISR-NSGA-II,Airy,1,25,0.0001056260,0.0000000000,6,3
PISR-NSGA-II,Airy,1,25,0.0010909761,0.0000000000,5,3
PISR-NSGA-II,Airy,1,25,0.6485284794,0.0000000000,3,3
PISR-NSGA-II,Airy,1,25,0.0010909761,0.0000000000,5,4
PISR-NSGA-II,Airy,1,25,0.0001056260,0.0000000000,6,4
PISR-NSGA-II,Airy,1,25,0.0001056260,0.0000000000,6,4
PISR-NSGA-II,Airy,1,25,0.0001056260,0.0000000000,6,4
PISR-NSGA-II,Airy,1,25,0.0001056260,0.0000000000,6,4
PISR-NSGA-II,Airy,1,25,0.0001056260,0.0000000000,6,4
PISR-NSGA-II,Airy,1,25,0.0001056260,0.0000000000,6,4
PISR-NSGA-II,Airy,1,25,0.0001056260,0.0000000000,6,4
PISR-NSGA-II,Airy,1,25,0.0001056260,0.0000000000,6,4
PISR-NSGA-II,Airy,1,25,0.0001056260,0.0000000000,6,4
PISR-NSGA-II,Airy,1,25,0.0001056260,0.0000000000,6,4
PISR-NSGA-II,Airy,1,25,0.0001056260,0.0000000000,6,4
PISR-NSGA-II,Airy,1,25,0.0001056260,0.0000000000,6,4
PISR-NSGA-II,Airy,1,25,0.0001056260,0.0000000000,6,4
PISR-NSGA-II,Airy,1,25,0.6540151194,0.0000000000,3,4
PISR-NSGA-II,Airy,1,25,0.0001056260,0.0000000000,6,5
PISR-NSGA-II,Airy,1,25,0.0001056260,0.0000000000,6,5
PISR-NSGA-II,Airy,1,25,0.0010909761,0.0000000000,5,5
PISR-NSGA-II,Airy,1,25,0.6598123972,0.0000000000,3,5
PISR-NSGA-II,Airy,1,25,0.0001165117,0.0000000000,6,6
PISR-NSGA-II,Airy,1,25,0.0011087033,0.0000000000,5,6
PISR-NSGA-II,Airy,1,25,0.6640111385,0.0000000000,3,6
PISR-NSGA-II,Airy,1,25,0.2054086204,0.0000000000,5,7
PISR-NSGA-II,Airy,1,25,0.6651647156,0.0000000000,3,7
PISR-NSGA-II,Airy,1,25,0.0001520757,0.0000000000,6,7
PISR-NSGA-II,Airy,1,25,0.1908627529,0.0000000000,6,8
PISR-NSGA-II,Airy,1,25,0.6750856113,0.0000000000,3,8
PISR-NSGA-II,Airy,1,25,0.0760574746,0.0000000000,10,8
PISR-NSGA-II,Airy,1,25,0.2107321581,0.0000000000,5,8
PISR-NSGA-II,Airy,1,25,0.0165269953,0.0000000000,11,8
PISR-NSGA-II,Airy,1,25,0.2415145491,0.0000000000,5,9
PISR-NSGA-II,Airy,1,25,0.0834778457,0.0000000000,11,9
PISR-NSGA-II,Airy,1,25,0.6831740903,0.0000000000,4,9
PISR-NSGA-II,Airy,1,25,0.6902364044,0.0000000000,3,9
PISR-NSGA-II,Airy,1,25,0.6832761927,0.0000000000,4,10
PISR-NSGA-II,Airy,1,25,0.6904969874,0.0000000000,3,10
PISR-NSGA-II,Airy,1,25,0.5324134251,0.0000000000,5,10
PISR-NSGA-II,Airy,1,25,0.2732630516,0.0000000000,6,10
PISR-NSGA-II,Airy,1,25,0.6832761927,0.0000000000,4,11
PISR-NSGA-II,Airy,1,25,0.6832761927,0.0000000000,4,11
PISR-NSGA-II,Airy,1,25,0.6832761927,0.0000000000,4,11
PISR-NSGA-II,Airy,1,25,0.6832761927,0.0000000000,4,11
PISR-NSGA-II,Airy,1,25,0.6832761927,0.0000000000,4,11
PISR-NSGA-II,Airy,1,25,0.6832761927,0.0000000000,4,11
PISR-NSGA-II,Airy,1,25,0.6832761927,0.0000000000,4,11
PISR-NSGA-II,Airy,1,25,0.6832761927,0.0000000000,4,11
PISR-NSGA-II,Airy,1,25,0.6832761927,0.0000000000,4,11
PISR-NSGA-II,Airy,1,25,0.6832761927,0.0000000000,4,11
PISR-NSGA-II,Airy,1,25,0.6832761927,0.0000000000,4,11
PISR-NSGA-II,Airy,1,25,0.6832761927,0.0000000000,4,11
PISR-NSGA-II,Airy,1,25,0.6832761927,0.0000000000,4,11
PISR-NSGA-II,Airy,1,25,0.6832761927,0.0000000000,4,11
PISR-NSGA-II,Airy,1,25,0.6832761927,0.0000000000,4,11
PISR-NSGA-II,Airy,1,25,0.6832761927,0.0000000000,4,11
PISR-NSGA-II,Airy,1,25,0.6832761927,0.0000000000,4,11
PISR-NSGA-II,Airy,1,25,0.6832761927,0.0000000000,4,11
PISR-NSGA-II,Airy,1,25,0.6832761927,0.0000000000,4,11
PISR-NSGA-II,Airy,1,25,0.6832761927,0.0000000000,4,11
PISR-NSGA-II,Airy,1,25,0.6832761927,0.0000000000,4,11
PISR-NSGA-II,Airy,1,25,0.6832761927,0.0000000000,4,11
PISR-NSGA-II,Airy,1,25,0.6832761927,0.0000000000,4,11
PISR-NSGA-II,Airy,1,25,0.6832761927,0.0000000000,4,11
PISR-NSGA-II,Airy,1,25,0.6832761927,0.0000000000,4,11
PISR-NSGA-II,Airy,1,25,0.6832761927,0.0000000000,4,11
PISR-NSGA-II,Airy,1,25,0.6832761927,0.0000000000,4,11
PISR-NSGA-II,Airy,1,25,0.6832761927,0.0000000000,4,11
PISR-NSGA-II,Airy,1,25,0.6832761927,0.0000000000,4,11
PISR-NSGA-II,Airy,1,25,0.6832761927,0.0000000000,4,11
PISR-NSGA-II,Airy,1,25,0.6832761927,0.0000000000,4,11
PISR-NSGA-II,Airy,1,25,0.6832761927,0.0000000000,4,11
PISR-NSGA-II,Airy,1,25,0.6832761927,0.0000000000,4,11
PISR-NSGA-II,Airy,1,25,0.6832761927,0.0000000000,4,11
PISR-NSGA-II,Airy,1,25,0.6832761927,0.0000000000,4,11
PISR-NSGA-II,Airy,1,25,0.6832761927,0.0000000000,4,11
PISR-NSGA-II,Airy,1,25,0.6832761927,0.0000000000,4,11
PISR-NSGA-II,Airy,1,25,0.6832761927,0.0000000000,4,11
PISR-NSGA-II,Airy,1,25,0.6832761927,0.0000000000,4,11
PISR-NSGA-II,Airy,1,25,0.6832761927,0.0000000000,4,11
PISR-NSGA-II,Airy,1,25,0.6832761927,0.0000000000,4,11
PISR-NSGA-II,Airy,1,25,0.6832761927,0.0000000000,4,11
PISR-NSGA-II,Airy,1,25,0.6832761927,0.0000000000,4,11
PISR-NSGA-II,Airy,1,25,0.6832761927,0.0000000000,4,11
PISR-NSGA-II,Airy,1,25,0.6832761927,0.0000000000,4,11
PISR-NSGA-II,Airy,1,25,0.6832761927,0.0000000000,4,11
PISR-NSGA-II,Airy,1,25,0.6832761927,0.0000000000,4,11
PISR-NSGA-II,Airy,1,25,0.6832761927,0.0000000000,4,11
PISR-NSGA-II,Airy,1,25,0.6832761927,0.0000000000,4,11
PISR-NSGA-II,Airy,1,25,0.6832761927,0.0000000000,4,11
PISR-NSGA-II,Airy,1,25,0.6832761927,0.0000000000,4,11
PISR-NSGA-II,Airy,1,25,0.6832761927,0.0000000000,4,11
PISR-NSGA-II,Airy,1,25,0.6832761927,0.0000000000,4,11
PISR-NSGA-II,Airy,1,25,0.6832761927,0.0000000000,4,11
PISR-NSGA-II,Airy,1,25,0.6832761927,0.0000000000,4,11
PISR-NSGA-II,Airy,1,25,0.6832761927,0.0000000000,4,11
PISR-NSGA-II,Airy,1,25,0.6832761927,0.0000000000,4,11
PISR-NSGA-II,Airy,1,25,0.6832761927,0.0000000000,4,11
PISR-NSGA-II,Airy,1,25,0.6832761927,0.0000000000,4,11
PISR-NSGA-II,Airy,1,25,0.6832761927,0.0000000000,4,11
PISR-NSGA-II,Airy,1,25,0.6832761927,0.0000000000,4,11
PISR-NSGA-II,Airy,1,25,0.6832761927,0.0000000000,4,11
PISR-NSGA-II,Airy,1,25,0.6832761927,0.0000000000,4,11
PISR-NSGA-II,Airy,1,25,0.6832761927,0.0000000000,4,11
PISR-NSGA-II,Airy,1,25,0.6832761927,0.0000000000,4,11
PISR-NSGA-II,Airy,1,25,0.6832761927,0.0000000000,4,11
PISR-NSGA-II,Airy,1,25,0.6832761927,0.0000000000,4,11
PISR-NSGA-II,Airy,1,25,0.6832761927,0.0000000000,4,11
PISR-NSGA-II,Airy,1,25,0.4638887324,0.0000000000,6,11
PISR-NSGA-II,Airy,1,25,0.6910114968,0.0000000000,3,11
PISR-NSGA-II,Airy,1,25,0.6832761927,0.0000000000,4,11
PISR-NSGA-II,Airy,1,25,0.6832761927,0.0000000000,4,11
PISR-NSGA-II,Airy,1,25,0.6832761927,0.0000000000,4,11
PISR-NSGA-II,Airy,1,25,0.6832761927,0.0000000000,4,11
PISR-NSGA-II,Airy,1,25,0.6832761927,0.0000000000,4,11
PISR-NSGA-II,Airy,1,25,0.6832761927,0.0000000000,4,11
PISR-NSGA-II,Airy,1,25,0.6832761927,0.0000000000,4,11
PISR-NSGA-II,Airy,1,25,0.6832761927,0.0000000000,4,11
PISR-NSGA-II,Airy,1,25,0.6832761927,0.0000000000,4,11
PISR-NSGA-II,Airy,1,25,0.6832761927,0.0000000000,4,11
PISR-NSGA-II,Airy,1,25,0.6832761927,0.0000000000,4,11
PISR-NSGA-II,Airy,1,25,0.6832761927,0.0000000000,4,11
PISR-NSGA-II,Airy,1,25,0.3676935261,0.0000000000,8,11
PISR-NSGA-II,Airy,1,25,0.6832761927,0.0000000000,4,11
PISR-NSGA-II,Airy,1,25,0.6832761928,0.0000000000,4,12
PISR-NSGA-II,Airy,1,25,0.7095851572,0.0000000000,3,12
PISR-NSGA-II,Airy,1,25,0.6832761928,0.0000000000,4,13
PISR-NSGA-II,Airy,1,25,0.7109320178,0.0000000000,3,13
PISR-NSGA-II,Airy,1,25,0.7640053169,0.0000000000,3,14
PISR-NSGA-II,Airy,1,25,0.6832761929,0.0000000000,4,14
PISR-NSGA-II,Airy,1,26,0.0000014644,0.0000000000,11,1
PISR-NSGA-II,Airy,1,26,0.0007102664,0.0000000000,5,1
PISR-NSGA-II,Airy,1,26,0.0000738653,0.0000000000,6,1
PISR-NSGA-II,Airy,1,26,0.0007102664,0.0000000000,5,1
PISR-NSGA-II,Airy,1,26,0.0007102664,0.0000000000,5,1
PISR-NSGA-II,Airy,1,26,0.0000322383,0.0000000000,10,1
PISR-NSGA-II,Airy,1,26,0.6283439791,0.0000000000,3,1
PISR-NSGA-II,Airy,1,26,0.0000738654,0.0000000000,6,2
PISR-NSGA-II,Airy,1,26,0.0000738654,0.0000000000,6,2
PISR-NSGA-II,Airy,1,26,0.0000738654,0.0000000000,6,2
PISR-NSGA-II,Airy,1,26,0.0000014883,0.0000000000,11,2
PISR-NSGA-II,Airy,1,26,0.0007102664,0.0000000000,5,2
PISR-NSGA-II,Airy,1,26,0.0007102664,0.0000000000,5,2
PISR-NSGA-II,Airy,1,26,0.0007102664,0.0000000000,5,2
PISR-NSGA-II,Airy,1,26,0.0000738654,0.0000000000,6,2
PISR-NSGA-II,Airy,1,26,0.0000738654,0.0000000000,6,2
PISR-NSGA-II,Airy,1,26,0.6283968541,0.0000000000,3,2
PISR-NSGA-II,Airy,1,26,0.0000738654,0.0000000000,6,2
PISR-NSGA-II,Airy,1,26,0.0000044352,0.0000000000,16,3
PISR-NSGA-II,Airy,1,26,0.0000044352,0.0000000000,16,3
PISR-NSGA-II,Airy,1,26,0.0000190933,0.0000000000,14,3
PISR-NSGA-II,Airy,1,26,0.0000738654,0.0000000000,6,3
PISR-NSGA-II,Airy,1,26,0.0000738654,0.0000000000,6,3
PISR-NSGA-II,Airy,1,26,0.0000738654,0.0000000000,6,3
PISR-NSGA-II,Airy,1,26,0.0000738654,0.0000000000,6,3
PISR-NSGA-II,Airy,1,26,0.0000738654,0.0000000000,6,3
PISR-NSGA-II,Airy,1,26,0.0000738654,0.0000000000,6,3
PISR-NSGA-II,Airy,1,26,0.0007102664,0.0000000000,5,3
PISR-NSGA-II,Airy,1,26,0.0000738654,0.0000000000,6,3
PISR-NSGA-II,Airy,1,26,0.6294351529,0.0000000000,3,3
PISR-NSGA-II,Airy,1,26,0.0000738654,0.0000000000,6,3
PISR-NSGA-II,Airy,1,26,0.0000738654,0.0000000000,6,3
PISR-NSGA-II,Airy,1,26,0.0000738654,0.0000000000,6,3
PISR-NSGA-II,Airy,1,26,0.0007102669,0.0000000000,5,4
PISR-NSGA-II,Airy,1,26,0.0000738654,0.0000000000,6,4
PISR-NSGA-II,Airy,1,26,0.6294351666,0.0000000000,3,4
PISR-NSGA-II,Airy,1,26,0.0007102669,0.0000000000,5,4
PISR-NSGA-II,Airy,1,26,0.0000738654,0.0000000000,6,5
PISR-NSGA-II,Airy,1,26,0.0000738654,0.0000000000,6,5
PISR-NSGA-II,Airy,1,26,0.0000738654,0.0000000000,6,5
PISR-NSGA-II,Airy,1,26,0.0000738654,0.0000000000,6,5
PISR-NSGA-II,Airy,1,26,0.0000738654,0.0000000000,6,5
PISR-NSGA-II,Airy,1,26,0.0000738654,0.0000000000,6,5
PISR-NSGA-II,Airy,1,26,0.0000738654,0.0000000000,6,5
PISR-NSGA-II,Airy,1,26,0.0000738654,0.0000000000,6,5
PISR-NSGA-II,Airy,1,26,0.0000738654,0.0000000000,6,5
PISR-NSGA-II,Airy,1,26,0.0000738654,0.0000000000,6,5
PISR-NSGA-II,Airy,1,26,0.0000738654,0.0000000000,6,5
PISR-NSGA-II,Airy,1,26,0.0000738654,0.0000000000,6,5
PISR-NSGA-II,Airy,1,26,0.0000738654,0.0000000000,6,5
PISR-NSGA-II,Airy,1,26,0.0007102671,0.0000000000,5,5
PISR-NSGA-II,Airy,1,26,0.6340312295,0.0000000000,3,5
PISR-NSGA-II,Airy,1,26,0.0000738654,0.0000000000,6,5
PISR-NSGA-II,Airy,1,26,0.0000738654,0.0000000000,6,5
PISR-NSGA-II,Airy,1,26,0.0007102671,0.0000000000,5,5
PISR-NSGA-II,Airy,1,26,0.0000738654,0.0000000000,6,5
PISR-NSGA-II,Airy,1,26,0.0000738654,0.0000000000,6,5
PISR-NSGA-II,Airy,1,26,0.0000738654,0.0000000000,6,5
PISR-NSGA-II,Airy,1,26,0.0000738654,0.0000000000,6,6
PISR-NSGA-II,Airy,1,26,0.0000738654,0.0000000000,6,6
PISR-NSGA-II,Airy,1,26,0.6377803701,0.0000000000,3,6
PISR-NSGA-II,Airy,1,26,0.0007102671,0.0000000000,5,6
PISR-NSGA-II,Airy,1,26,0.6377803738,0.0000000000,3,7
PISR-NSGA-II,Airy,1,26,0.0000806135,0.0000000000,6,7
PISR-NSGA-II,Airy,1,26,0.0007102677,0.0000000000,5,7
PISR-NSGA-II,Airy,1,26,0.6377803738,0.0000000000,3,7
PISR-NSGA-II,Airy,1,26,0.6377803738,0.0000000000,3,7
PISR-NSGA-II,Airy,1,26,0.6377803754,0.0000000000,3,8
PISR-NSGA-II,Airy,1,26,0.0000905270,0.0000000000,6,8
PISR-NSGA-II,Airy,1,26,0.0000810493,0.0000000000,14,8
PISR-NSGA-II,Airy,1,26,0.0051620375,0.0000000000,5,8
PISR-NSGA-II,Airy,1,26,0.6377803754,0.0000000000,3,8
PISR-NSGA-II,Airy,1,26,0.6377803763,0.0000000000,3,9
PISR-NSGA-II,Airy,1,26,0.0001414623,0.0000000000,6,9
PISR-NSGA-II,Airy,1,26,0.0176443800,0.0000000000,5,9
PISR-NSGA-II,Airy,1,26,0.0001059677,0.0000000000,16,9
PISR-NSGA-II,Airy,1,26,0.6377803766,0.0000000000,3,10
PISR-NSGA-II,Airy,1,26,0.0001520011,0.0000000000,6,10
PISR-NSGA-II,Airy,1,26,0.0326277225,0.0000000000,5,10
PISR-NSGA-II,Airy,1,26,0.6377803769,0.0000000000,3,11
PISR-NSGA-II,Airy,1,26,0.0752609604,0.0000000000,5,11
PISR-NSGA-II,Airy,1,26,0.0002933251,0.0000000000,6,11
PISR-NSGA-II,Airy,1,26,0.6377803772,0.0000000000,3,12
PISR-NSGA-II,Airy,1,26,0.0006281425,0.0000000000,11,12
PISR-NSGA-II,Airy,1,26,0.0013123924,0.0000000000,6,12
PISR-NSGA-II,Airy,1,26,0.0906816186,0.0000000000,5,12
PISR-NSGA-II,Airy,1,26,0.0013123924,0.0000000000,6,12
PISR-NSGA-II,Airy,1,26,0.6377803776,0.0000000000,3,13
PISR-NSGA-II,Airy,1,26,0.0017934395,0.0000000000,11,13
PISR-NSGA-II,Airy,1,26,0.0028915008,0.0000000000,6,13
PISR-NSGA-II,Airy,1,26,0.2214562012,0.0000000000,5,13
PISR-NSGA-II,Airy,1,26,0.0059083952,0.0000000000,6,14
PISR-NSGA-II,Airy,1,26,0.6377803783,0.0000000000,3,14
PISR-NSGA-II,Airy,1,26,0.2421441952,0.0000000000,5,14
PISR-NSGA-II,Airy,1,26,0.6377803783,0.0000000000,3,15
PISR-NSGA-II,Airy,1,26,0.0067264170,0.0000000000,11,15
PISR-NSGA-II,Airy,1,26,0.0078546400,0.0000000000,6,15
PISR-NSGA-II,Airy,1,26,0.2733011096,0.0000000000,5,15
PISR-NSGA-II,Airy,1,26,0.6377803783,0.0000000000,3,16
PISR-NSGA-II,Airy,1,26,0.0153049791,0.0000000000,6,16
PISR-NSGA-II,Airy,1,26,0.0139204411,0.0000000000,10,16
PISR-NSGA-II,Airy,1,26,0.6377803783,0.0000000000,3,16
PISR-NSGA-II,Airy,1,26,0.6377803789,0.0000000000,3,17
PISR-NSGA-II,Airy,1,26,0.0177376983,0.0000000000,6,17
PISR-NSGA-II,Airy,1,26,0.0232056040,0.0000000000,6,18
PISR-NSGA-II,Airy,1,26,0.6377803790,0.0000000000,3,18
PISR-NSGA-II,Airy,1,26,0.6377803790,0.0000000000,3,18
PISR-NSGA-II,Airy,1,26,0.0308706197,0.0000000000,8,19
PISR-NSGA-II,Airy,1,26,0.6377803805,0.0000000000,3,19
PISR-NSGA-II,Airy,1,26,0.0340071421,0.0000000000,6,19
PISR-NSGA-II,Airy,1,26,0.0421687210,0.0000000000,6,20
PISR-NSGA-II,Airy,1,26,0.6496967269,0.0000000000,3,20
PISR-NSGA-II,Airy,1,26,0.0336557727,0.0000000000,12,20
PISR-NSGA-II,Airy,1,26,0.0429837996,0.0000000000,6,21
PISR-NSGA-II,Airy,1,26,0.6673087389,0.0000000000,3,21
PISR-NSGA-II,Airy,1,26,0.0382460712,0.0000000000,14,21
PISR-NSGA-II,Airy,1,26,0.6832167149,0.0000000000,4,22
PISR-NSGA-II,Airy,1,26,0.0561324131,0.0000000000,10,22
PISR-NSGA-II,Airy,1,26,0.7038979998,0.0000000000,3,22
PISR-NSGA-II,Airy,1,26,0.0542089673,0.0000000000,12,22
PISR-NSGA-II,Airy,1,26,0.2869949351,0.0000000000,6,22
PISR-NSGA-II,Airy,1,26,0.7517433835,0.0000000000,3,23
PISR-NSGA-II,Airy,1,26,0.0581713279,0.0000000000,12,23
PISR-NSGA-II,Airy,1,26,0.2869949352,0.0000000000,6,23
PISR-NSGA-II,Airy,1,26,0.0626224546,0.0000000000,10,23
PISR-NSGA-II,Airy,1,26,0.6832167149,0.0000000000,4,23
PISR-NSGA-II,Airy,1,26,0.6832167149,0.0000000000,4,23
PISR-NSGA-II,Airy,1,26,0.6832167149,0.0000000000,4,23
PISR-NSGA-II,Airy,1,26,0.6832167149,0.0000000000,4,23
PISR-NSGA-II,Airy,1,26,0.6832167149,0.0000000000,4,23
PISR-NSGA-II,Airy,1,26,0.6832167149,0.0000000000,4,23
PISR-NSGA-II,Airy,1,26,0.6832167149,0.0000000000,4,23
PISR-NSGA-II,Airy,1,26,0.6832167149,0.0000000000,4,23
PISR-NSGA-II,Airy,1,26,0.6832167149,0.0000000000,4,23
PISR-NSGA-II,Airy,1,26,0.6832167149,0.0000000000,4,23
PISR-NSGA-II,Airy,1,26,0.6832167149,0.0000000000,4,23
PISR-NSGA-II,Airy,1,26,0.6832167149,0.0000000000,4,23
PISR-NSGA-II,Airy,1,26,0.6832167149,0.0000000000,4,23
PISR-NSGA-II,Airy,1,26,0.6832167149,0.0000000000,4,23
PISR-NSGA-II,Airy,1,26,0.6832167149,0.0000000000,4,23
PISR-NSGA-II,Airy,1,26,0.6832167149,0.0000000000,4,23
PISR-NSGA-II,Airy,1,26,0.6832167149,0.0000000000,4,23
PISR-NSGA-II,Airy,1,26,0.6832167149,0.0000000000,4,23
PISR-NSGA-II,Airy,1,26,0.6832167149,0.0000000000,4,23
PISR-NSGA-II,Airy,1,26,0.6832167149,0.0000000000,4,23
PISR-NSGA-II,Airy,1,26,0.6832167149,0.0000000000,4,23
PISR-NSGA-II,Airy,1,26,0.6832167149,0.0000000000,4,23
PISR-NSGA-II,Airy,1,26,0.6832167149,0.0000000000,4,23
PISR-NSGA-II,Airy,1,26,0.6832167149,0.0000000000,4,23
PISR-NSGA-II,Airy,1,26,0.6832167149,0.0000000000,4,23
